path,nation
.\dataset\finland\200px-12-01-20-yog-1190.jpg,finland
.\dataset\finland\200px-12-01-20-yog-1191.jpg,finland
.\dataset\finland\200px-1995_Marko_Wahlman.JPG,finland
.\dataset\finland\200px-1995_Mika_Laaksonen.JPG,finland
.\dataset\finland\200px-20071228_EHCB_vs_La-Chaux-de-Fonds-Marko_Tuomainen.jpg,finland
.\dataset\finland\200px-2009_WSD_Speed_Skating_Championships_-_15.jpg,finland
.\dataset\finland\200px-20101208_Mari_Laukkanen_(FIN).jpg,finland
.\dataset\finland\200px-2010_Winter_Olympics_Jaakko_Tallus_in_nordic_combined_LH10km.jpg,finland
.\dataset\finland\200px-2011-06-09_Ari_Mannio.jpg,finland
.\dataset\finland\200px-2011-06-09_Hannu_Kangas.jpg,finland
.\dataset\finland\200px-2011_WFSC_152_Bela_Papp.JPG,finland
.\dataset\finland\200px-2012-rally-great-britain-by-2eight_dsc8045.jpg,finland
.\dataset\finland\200px-2012_Rostelecom_Cup_02d_209_Kiira_Korpi.JPG,finland
.\dataset\finland\200px-2012_WFSC_02d_367_Henna_Lindholm_Ossi_Kanervo_(cropped)_-_Kanervo.JPG,finland
.\dataset\finland\200px-2012_World_Junior_FS_Matthias_Versluis.jpg,finland
.\dataset\finland\200px-2012_World_Junior_FS_Sara_Aghai_Jussiville_Partanen.jpg,finland
.\dataset\finland\200px-2013_WGT_32_The_69_Eyes.jpg,finland
.\dataset\finland\200px-20140531-DSC_0909.jpg,finland
.\dataset\finland\200px-20140724-DSC_0723.jpg,finland
.\dataset\finland\200px-2014_rally_sweden_by_2eight_dsc3597.jpg,finland
.\dataset\finland\200px-20150201_1203_Skispringen_Hinzenbach_8042.jpg,finland
.\dataset\finland\200px-2015_C1C_-_Eero_Elo.jpg,finland
.\dataset\finland\200px-2015_UEC_Track_Elite_European_Championships_216.JPG,finland
.\dataset\finland\200px-2017-10_Antti_Häkkänen_1_(cropped).jpg,finland
.\dataset\finland\200px-20170708_Ballenstedt_RockHarz_Insomnium_0205_Insomnium.jpg,finland
.\dataset\finland\200px-2017_C1C_-_FIN_v_KOR_(23).jpg,finland
.\dataset\finland\200px-2017_C1C_-_FIN_v_KOR_-_Mikko_Lehtonen_(born_1994).jpg,finland
.\dataset\finland\200px-2017_C1C_-_FIN_v_KOR_-_Niko_Mikkola.JPG,finland
.\dataset\finland\200px-2017_NHL_Entry_Draft_(35513210425)_(cropped).jpg,finland
.\dataset\finland\200px-2017_UEC_Track_Elite_European_Championships_038.jpg,finland
.\dataset\finland\200px-2017_UEC_Track_Elite_European_Championships_265.jpg,finland
.\dataset\finland\200px-2018-01-05_IBU_Biathlon_World_Cup_Oberhof_2018_-_Sprint_Men_78.jpg,finland
.\dataset\finland\200px-2018-01-06_IBU_Biathlon_World_Cup_Oberhof_2018_-_Pursuit_Men_125.jpg,finland
.\dataset\finland\200px-20180928_UCI_Road_World_Championships_Innsbruck_Men_under_23_Road_Race_Award_Ceremony_850_0924.jpg,finland
.\dataset\finland\200px-2018_EC_Emmi_Peltonen_2018-01-18_16-21-58_1516308299.jpg,finland
.\dataset\finland\200px-24_Lasse_Kanerva.jpg,finland
.\dataset\finland\200px-28_Mika_Niemi.jpg,finland
".\dataset\finland\200px-Aaltonen,_Toivonen_and_Mäkinen_-_1965_Rally_Finland.jpg",finland
.\dataset\finland\200px-Aapo_Halme.jpg,finland
.\dataset\finland\200px-Aarne-Kinnunen.jpg,finland
.\dataset\finland\200px-Aarne_Salonen_177.jpg,finland
.\dataset\finland\200px-Aarni_Kivinen.jpg,finland
.\dataset\finland\200px-Aarno_walli.jpg,finland
.\dataset\finland\200px-Aarre_Koivisto.jpg,finland
.\dataset\finland\200px-Abdirahimhusseinmohamed.jpg,finland
.\dataset\finland\200px-Abdullah_Tammi_Nashi_Demonstration_Helsinki_2009.jpg,finland
.\dataset\finland\200px-Acr2011_371.jpg,finland
.\dataset\finland\200px-Actor_Jari_Virman.jpg,finland
.\dataset\finland\200px-ADAC_Rallye_Deutschland_2013_-_Empfang_der_Stadt_Köln_-_Jarmo_Lehtinen-4550.jpg,finland
.\dataset\finland\200px-Aerialimagecamera.jpg,finland
.\dataset\finland\200px-Aho.jpg,finland
.\dataset\finland\200px-Aho_Matti_TPS.jpg,finland
.\dataset\finland\200px-Ahti-Taskinen-1974.jpg,finland
.\dataset\finland\200px-Ahtikarjalainen.jpg,finland
.\dataset\finland\200px-Ahti_lampi.jpg,finland
.\dataset\finland\200px-Aijasalo.jpg,finland
.\dataset\finland\200px-Aila-Meriluoto.jpg,finland
.\dataset\finland\200px-Ailamari.jpg,finland
.\dataset\finland\200px-Aimo-Tepponen-1970.jpg,finland
.\dataset\finland\200px-Aimo_Massinen.jpg,finland
.\dataset\finland\200px-Aino-kaisa_pekonen.jpg,finland
.\dataset\finland\200px-Aino-Maija-Tikkanen.jpg,finland
.\dataset\finland\200px-Aino-Maija_Luukkonen_2009_SM22.jpg,finland
.\dataset\finland\200px-Aino_Venna.jpg,finland
.\dataset\finland\200px-Aira_Samulin.jpg,finland
.\dataset\finland\200px-Akehellman.JPG,finland
.\dataset\finland\200px-AkiBerg.jpg,finland
.\dataset\finland\200px-Akilles_Järvinen_1928.jpg,finland
.\dataset\finland\200px-Aki_Nummela_1.jpg,finland
.\dataset\finland\200px-Aki_peltola.JPG,finland
.\dataset\finland\200px-Aki_Riihilahti.jpg,finland
.\dataset\finland\200px-Aki_Riihimäki.jpg,finland
.\dataset\finland\200px-Akseli_Mattila.jpg,finland
.\dataset\finland\200px-Akuhirviniemi.jpg,finland
.\dataset\finland\200px-Aku_Syrjä.jpg,finland
.\dataset\finland\200px-Alanko-kahiluoto.jpg,finland
.\dataset\finland\200px-Alanko_Rami_Blues_1.jpg,finland
.\dataset\finland\200px-Albion_Ademi.jpg,finland
.\dataset\finland\200px-Aleksandr_Kokko_1.jpg,finland
.\dataset\finland\200px-Aleksis_Lehtonen.jpg,finland
.\dataset\finland\200px-Aleksi_Bardy_in_Jussi_Award.jpg,finland
.\dataset\finland\200px-Aleksi_Laakso_of_the_Espoo_Blues_-_20100116.jpg,finland
.\dataset\finland\200px-Aleksi_Tarvonen_1.jpg,finland
.\dataset\finland\200px-AlexanderKuoppala.jpg,finland
.\dataset\finland\200px-Alexandra_Salmela.jpg,finland
.\dataset\finland\200px-Alex_Murphy_Duke_vs_Michigan_State.jpg,finland
.\dataset\finland\200px-Alex_Ojasti.jpg,finland
.\dataset\finland\200px-Alf_Rehn.jpg,finland
.\dataset\finland\200px-AlisaDrei_EC2007_FP.jpg,finland
.\dataset\finland\200px-Allan_Anttila_165.jpg,finland
.\dataset\finland\200px-Allan_ja_tuula.jpg,finland
.\dataset\finland\200px-Alma_-_2018082191458_2018-03-23_Radio_Regenbogen_Award_2018_-_Sven_-_1D_X_MK_II_-_0406_-_AK8I0137.jpg,finland
.\dataset\finland\200px-Ami_aspelund2.jpg,finland
.\dataset\finland\200px-Amoc_oulus_45specialis.jpg,finland
.\dataset\finland\200px-Amorphis_-_South_Park_Festival_2018_-_06.jpg,finland
.\dataset\finland\200px-Amorphis_Tomi_Koivusaari.jpg,finland
.\dataset\finland\200px-Andreas_Romar_EC-GS_Hinterstoder_20080111.jpg,finland
.\dataset\finland\200px-Andrei_Tarsalainen.jpg,finland
.\dataset\finland\200px-Andy_McCoy_of_Hanoi_Rocks_playing_guitar_September_05.jpg,finland
.\dataset\finland\200px-Anitahirvonen.jpg,finland
.\dataset\finland\200px-Anja_Snellman.jpg,finland
.\dataset\finland\200px-Ankkurit_-_Veto_(10.8.2014)_09.JPG,finland
.\dataset\finland\200px-Ankkurit_-_Veto_(10.8.2014)_17.JPG,finland
.\dataset\finland\200px-Ankkurit_-_Veto_(23.6.2015)_16.JPG,finland
.\dataset\finland\200px-Anna-Mari_Kahara.png,finland
.\dataset\finland\200px-Annamari-Sarajas-1942.jpg,finland
.\dataset\finland\200px-Anna_Eriksson.JPG,finland
.\dataset\finland\200px-Anna_kontula_telakka.jpeg,finland
.\dataset\finland\200px-Anna_Kortelainen_IMG_0610_C.JPG,finland
.\dataset\finland\200px-Anne-Mari_Hyryläinen_Rio2016.jpg,finland
.\dataset\finland\200px-Anneli_Aejmelaeus.jpg,finland
.\dataset\finland\200px-Anneli_Sauli.jpg,finland
.\dataset\finland\200px-Anneli_Taina_1998.jpg,finland
.\dataset\finland\200px-Annette_Tuominen_2008.jpg,finland
.\dataset\finland\200px-Anne_Kylloenen_FIS_Cross-Country_World_Cup_2012_Quebec.jpg,finland
.\dataset\finland\200px-Anne_Linnonmaa_(cropped).jpg,finland
.\dataset\finland\200px-Anne_Mattila_Vihreät_Niityt_musiikkitapahtumassa_kesällä_2005.jpg,finland
.\dataset\finland\200px-Anne_Taskinen__Heinäsirkka_.jpg,finland
.\dataset\finland\200px-Anniina_Mattila.jpg,finland
.\dataset\finland\200px-Annika-heinisuo.jpg,finland
.\dataset\finland\200px-Annika_Lapintie_Lahti_(cropped).jpg,finland
.\dataset\finland\200px-Annika_Saarikko.jpg,finland
.\dataset\finland\200px-Annikki_tahti.jpg,finland
.\dataset\finland\200px-Annina_Rajahuhta.jpg,finland
.\dataset\finland\200px-Anssi-Vesanen.jpg,finland
.\dataset\finland\200px-Anssi_Kela.jpg,finland
.\dataset\finland\200px-Anssi_Koskinen_1964.jpg,finland
.\dataset\finland\200px-Anssi_Mänttäri.jpg,finland
.\dataset\finland\200px-Antero_Mertaranta.jpg,finland
.\dataset\finland\200px-Anti_Niemi_4_2017-10-04.jpg,finland
.\dataset\finland\200px-Antony_Hamalainen_performing_live_in_Brussels.jpg,finland
.\dataset\finland\200px-Anton_Alen_-_Rally_Finland_2009.JPG,finland
.\dataset\finland\200px-Antti-Jussi-Miettinen.jpg,finland
.\dataset\finland\200px-Antti-Jussi_Annila_Fantastic_arts_2009.jpg,finland
.\dataset\finland\200px-Antti-Nieminen-1957.jpg,finland
.\dataset\finland\200px-AnttiTuisku1.JPG,finland
.\dataset\finland\200px-Antti_Aalto_&_Jani_Hurme_2002.jpg,finland
.\dataset\finland\200px-Antti_Bruun_2012_2.jpg,finland
.\dataset\finland\200px-Antti_Hartikainen_2015.JPG,finland
.\dataset\finland\200px-Antti_Honkkila_(2008-05-24).jpg,finland
.\dataset\finland\200px-Antti_Hynynen_1.jpg,finland
.\dataset\finland\200px-Antti_Kaikkonen.jpg,finland
.\dataset\finland\200px-Antti_Kanervo.JPG,finland
.\dataset\finland\200px-Antti_Kataja-Rahko.jpeg,finland
.\dataset\finland\200px-Antti_korhonen.JPG,finland
.\dataset\finland\200px-Antti_Kuosmanen_2014.jpg,finland
.\dataset\finland\200px-Antti_Kurvinen.JPG,finland
.\dataset\finland\200px-Antti_Laakso.jpg,finland
.\dataset\finland\200px-Antti_Luusuaniemi_x-n_(c)_Lili_Ermezei.jpg,finland
.\dataset\finland\200px-Antti_Miettinen_Wild_2010_1.jpg,finland
.\dataset\finland\200px-Antti_Munukka_1.jpg,finland
.\dataset\finland\200px-Antti_Mäkijärvi_2018.jpg,finland
.\dataset\finland\200px-Antti_Nylén.jpg,finland
.\dataset\finland\200px-Antti_Okkonen_1.jpg,finland
.\dataset\finland\200px-Antti_Pelttari.jpg,finland
.\dataset\finland\200px-Antti_Pihlstrom.jpg,finland
.\dataset\finland\200px-Antti_Raiski-114.jpg,finland
.\dataset\finland\200px-Antti_Reini.jpg,finland
.\dataset\finland\200px-Antti_Sarpila.jpg,finland
.\dataset\finland\200px-Antti_Satuli.jpg,finland
.\dataset\finland\200px-Antti_Siirala2.jpg,finland
.\dataset\finland\200px-Antti_Teivainen.png,finland
.\dataset\finland\200px-Antti_Tuomas_heikkinen.jpg,finland
.\dataset\finland\200px-Antti_Tyrvainen.jpg,finland
.\dataset\finland\200px-Antti_Vuolanne.jpg,finland
.\dataset\finland\200px-Anu_Kaipanen_at_her_desk_in_Oulu.jpg,finland
.\dataset\finland\200px-Apocalyptica_2005_-_Eicca_Toppinen.jpg,finland
.\dataset\finland\200px-Apocalyptica_2005_-_Perttu_Kivilaakso.jpg,finland
.\dataset\finland\200px-Archaeologist_Ilari_Aalto.jpg,finland
.\dataset\finland\200px-Architect_Erkki_Huttunen.jpg,finland
.\dataset\finland\200px-Ari-Pekka_Selin.jpg,finland
.\dataset\finland\200px-Ari-Pekka_Siekkinen_2013.jpg,finland
.\dataset\finland\200px-Ariheikkinen.jpg,finland
.\dataset\finland\200px-Ari_Gröndahl.jpg,finland
.\dataset\finland\200px-Ari_G_at_Kaustinen_2008.jpg,finland
.\dataset\finland\200px-Ari_Koivunen_in_Tammela_2009.jpg,finland
.\dataset\finland\200px-Ari_lauanne.jpg,finland
.\dataset\finland\200px-Ari_Nyman_1.jpg,finland
".\dataset\finland\200px-Ari_Vallin,_HC_Sparta_Praha.JPG",finland
.\dataset\finland\200px-Ari_Väänänen_1.jpg,finland
.\dataset\finland\200px-Arja_Koriseva_2004.jpg,finland
.\dataset\finland\200px-Arja_Makkonen.jpg,finland
.\dataset\finland\200px-ArkkipiispaLeo.png,finland
.\dataset\finland\200px-Armi_Hilario_(former_Armi_Kuusela).jpg,finland
.\dataset\finland\200px-Arne_Nevanlinna.jpg,finland
.\dataset\finland\200px-Arno_Kotro.jpg,finland
.\dataset\finland\200px-Arpa-on-heitetty-1964.jpg,finland
.\dataset\finland\200px-Arseni.jpg,finland
.\dataset\finland\200px-Artist_Markus_Heikkerö_in_his_studio_2013.jpg,finland
.\dataset\finland\200px-Arto_Lindberg_KuPS_Tuomas_Haapala_HJK_03_08.jpg,finland
.\dataset\finland\200px-Arto_Luukkanen.jpg,finland
.\dataset\finland\200px-Arto_Merisalo.jpg,finland
.\dataset\finland\200px-Arto_Nyberg_2.jpg,finland
.\dataset\finland\200px-AUT_U-21_vs._FIN_U-21_2015-11-13_(131).jpg,finland
.\dataset\finland\200px-AUT_U-21_vs._FIN_U-21_2015-11-13_(166).jpg,finland
.\dataset\finland\200px-AUT_U-21_vs._FIN_U-21_2015-11-13_(200).jpg,finland
.\dataset\finland\200px-AUT_U-21_vs._FIN_U-21_2015-11-13_(202).jpg,finland
.\dataset\finland\200px-AUT_U-21_vs._FIN_U-21_2015-11-13_(213).jpg,finland
.\dataset\finland\200px-AUT_U-21_vs._FIN_U-21_2015-11-13_(216).jpg,finland
.\dataset\finland\200px-AUT_U-21_vs._FIN_U-21_2015-11-13_(236).jpg,finland
.\dataset\germany\200px--rpTEN_-_Tag_3_(26811464185)_(cropped).jpg,germany
".\dataset\germany\200px-0038R-CDU,_Tobias_Utter.jpg",germany
".\dataset\germany\200px-004p08d_Pressekonferenz_WasserKunst_Zwischen_Deich_und_Teich,_die_Künstlerin_Susanne_Hoffmann_nahe_ihrer_Video-Arbeit_TIMELESS_in_der_historischen_Parkanlage_vom_Edelhof_Ricklingen_in_Hannover.jpg",germany
".\dataset\germany\200px-0066R-Brigitte_Hofmeyer,_SPD.jpg",germany
".\dataset\germany\200px-01_Porträt_Hans-Peter_Klie,_2011..jpg",germany
.\dataset\germany\200px-03_x_Lucia_Jantos.JPG,germany
.\dataset\germany\200px-0706_HeinerBoehncke.JPG,germany
.\dataset\germany\200px-08._Arno_Steffenhagen1a.jpg,germany
.\dataset\germany\200px-1.2-_The_global_food_crisis_response_Q&A_(10035366056).jpg,germany
.\dataset\germany\200px-100515-RupHol-Oldie-0058.jpg,germany
.\dataset\germany\200px-100_Jahre_GAG_-_Festakt_im_Historischen_Rathaus_Köln-5815.jpg,germany
.\dataset\germany\200px-100_Jahre_GAG_-_Festakt_im_Historischen_Rathaus_Köln-5835.jpg,germany
.\dataset\germany\200px-11._Nationaler_Aktionstag_für_die_Erhaltung_schriftlichen_Kulturguts-9521.jpg,germany
.\dataset\germany\200px-12-06-28-s08-jessica-mager-05.jpg,germany
.\dataset\germany\200px-12-06-28-s13-johannes-schoettler-04.jpg,germany
.\dataset\germany\200px-12-12-13-koch-kupfer-edwina-by-RalfR-07.jpg,germany
.\dataset\germany\200px-12-12-frederking-dorothea-05.jpg,germany
.\dataset\germany\200px-1261-ri-6-CDU_Hauke_Goettsch.jpg,germany
.\dataset\germany\200px-1286-ri-24-CDU_Axel_Bernstein.jpg,germany
.\dataset\germany\200px-13-02-19-landtag-h-vorab-N3S_1597.NEF.jpg,germany
.\dataset\germany\200px-13-02-26-wiesbaden-landtag-by-RalfR-027.jpg,germany
.\dataset\germany\200px-13-08-22-regina-poersch-12.jpg,germany
.\dataset\germany\200px-13-08-23-astrid-damerow-02.jpg,germany
.\dataset\germany\200px-13-11-12-rechtsmedizin-berlin-charite-by-RalfR-02.jpg,germany
.\dataset\germany\200px-1321-ri-41-CDU_Daniel_Guenther.jpg,germany
.\dataset\germany\200px-14-01-28-Gregor-Beyer-0.jpg,germany
.\dataset\germany\200px-14-09-11-Gabriele-Schmidt-RalfR-023.JPG,germany
.\dataset\germany\200px-1444-ri-97-CDU_Jens-Christian_Magnussen.jpg,germany
.\dataset\germany\200px-16-03-09-Björn-Lakenmacher_RR26508.jpg,germany
.\dataset\germany\200px-16-03-09-Rainer-Genilke_RR26779.jpg,germany
.\dataset\germany\200px-16-03-10-Daniel-Kurth_RR27211.jpg,germany
.\dataset\germany\200px-18-05-2017-Jeannine_Rösler-JonasR.jpg,germany
.\dataset\germany\200px-18-05-2017-Karsten_Kolbe-JonasR.jpg,germany
.\dataset\germany\200px-18-05-2017-Nils_Saemann-JonasR_02.jpg,germany
.\dataset\germany\200px-18-05-2017-Torsten_Koplin-JonasR.jpg,germany
.\dataset\germany\200px-1940-ri-171-Serpil_Midyatli_SPD.jpg,germany
.\dataset\germany\200px-1989_Gerhard_Brendler_Müntzer-Kongreß_Mühlhausen.jpg,germany
.\dataset\germany\200px-1LIVE_Krone_2014_Jeannine_Michaelsen_2.jpg,germany
.\dataset\germany\200px-1LIVE_Krone_2014_Tom_Buhrow_mit_Jochen_Rausch.jpg,germany
.\dataset\germany\200px-1LIVE_Krone_2016_-_2015_-_Show_-_Klaas_Heufer-Umlauf_und_Philipp_Poisel-6472.jpg,germany
.\dataset\germany\200px-1LIVE_Krone_2016_-_2145_-_Gewinner-6813.jpg,germany
.\dataset\germany\200px-1_Live_Krone_2013_Dave_Davis_1.jpg,germany
.\dataset\germany\200px-2003-09-20_Ulrich_Heinrich_MdB.jpg,germany
.\dataset\germany\200px-200405Perm_JochenHick_res.jpg,germany
.\dataset\germany\200px-20050703_Konzert_Seeliger.jpg,germany
.\dataset\germany\200px-2005_Axel_Berg_2197.jpg,germany
.\dataset\germany\200px-2006-10-17_WookieMayer600.jpg,germany
".\dataset\germany\200px-2007-11-11_Wilfried_Schmickler,_Pantheon,_Bonn_IMG_1830.jpg",germany
.\dataset\germany\200px-2007-11-Bruno_Maccallini.jpg,germany
.\dataset\germany\200px-2007_-_Axel_Haverich.jpg,germany
.\dataset\germany\200px-2008-08-11_010_FC-Training;_Sascha_Riether.JPG,germany
.\dataset\germany\200px-2009-09-08-Theo-3b.JPG,germany
.\dataset\germany\200px-2009_Armin_Töpfer.jpg,germany
.\dataset\germany\200px-2009_LPGA_Championship_-_Anja_Monke_(1).jpg,germany
.\dataset\germany\200px-2010-08-20_GabrieleFriderich_062.jpg,germany
.\dataset\germany\200px-2011-05-18-landtagsprojekt-erfurt-008.jpg,germany
.\dataset\germany\200px-2011-12-30_Bonn_Telekom-Dome_Stephan_Engels.jpg,germany
.\dataset\germany\200px-20110916_Rostock_Bodo_Wartke_005.jpg,germany
.\dataset\germany\200px-2011_05_19_-_Landtagsprojekt_Erfurt_(0732).jpg,germany
.\dataset\germany\200px-2012-01-25-Moritz_Neumeier.jpg,germany
.\dataset\germany\200px-2012-02-02_Jimmy_Schulz_2262.JPG,germany
.\dataset\germany\200px-2012-02-14_Hallitzky.jpg,germany
.\dataset\germany\200px-2012-04-17_Hans_Maier_4708.jpg,germany
.\dataset\germany\200px-2012-05-04_Schuller_248.jpg,germany
.\dataset\germany\200px-2012-05-31_Hermann_Toelcke_2012_DSCF0580_(crop).jpg,germany
.\dataset\germany\200px-2012-05-31_Studio_Hamburg_Nachwuchspreis_DSCF0344.jpg,germany
.\dataset\germany\200px-2012-05-31_Studio_Hamburg_Nachwuchspreis_DSCF0426.jpg,germany
.\dataset\germany\200px-2012-05-31_Studio_Hamburg_Nachwuchspreis_DSCF0474.jpg,germany
.\dataset\germany\200px-2012-05-31_Studio_Hamburg_Nachwuchspreis_DSCF0516.jpg,germany
.\dataset\germany\200px-2012-05-31_Studio_Hamburg_Nachwuchspreis_DSCF0628.jpg,germany
.\dataset\germany\200px-2012-05-31_Studio_Hamburg_Nachwuchspreis_DSCF0727_(crop).jpg,germany
.\dataset\germany\200px-2012-05-31_Studio_Hamburg_Nachwuchspreis_DSCF0728.jpg,germany
.\dataset\germany\200px-2012-05-31_Studio_Hamburg_Nachwuchspreis_DSCF0731.jpg,germany
.\dataset\germany\200px-2012-07-17-Eduard-Nöth-2.jpg,germany
.\dataset\germany\200px-2012-07-17-Franz-Schindler-2.jpg,germany
.\dataset\germany\200px-2012-07-17_-_Joachim_Herrmann_MdL_-_7027.jpg,germany
.\dataset\germany\200px-2012-07-18_-_Philipp_Graf_von_und_zu_Lerchenfeld_MdL_-_8223.jpg,germany
.\dataset\germany\200px-2012-11-06_-_Andreas_Huber_-_DOSB_-_0376.jpg,germany
.\dataset\germany\200px-2012-11-06_-_Michael_Bazynski_-_DOSB_-_0585.jpg,germany
.\dataset\germany\200px-2012-12-14_-_Dietmar_Weihrich_MdL_DE-ST_-_1735.jpg,germany
.\dataset\germany\200px-2012_Christoph_Letkowski.jpeg,germany
.\dataset\germany\200px-2012_Gottlieb_Fauth.jpg,germany
.\dataset\germany\200px-2012_World_Junior_FS_Martin_Rappe2.jpg,germany
.\dataset\germany\200px-2012_World_Junior_FS_Shari_Koch_Christian_Nüchtern.jpg,germany
.\dataset\germany\200px-2013-02-27_Alexander_Noll_-_3087.JPG,germany
".\dataset\germany\200px-2013-05-15_16_-_Haller-Haid,_Rita,_MdL_-_LTBW_-_5077.jpg",germany
".\dataset\germany\200px-2013-05-15_16_-_Lösch,_Brigitte,_MdL_-_LTBW_-_4920.jpg",germany
".\dataset\germany\200px-2013-05-15_16_-_Nemeth,_Paul,_MdL_-_LTBW_-_4705.jpg",germany
".\dataset\germany\200px-2013-05-15_16_-_Rüeck,_Helmut_Walter,_MdL_-_LTBW_-_5068.jpg",germany
".\dataset\germany\200px-2013-05-15_16_-_Rülke,_Hans-Ulrich,_MdL_-_LTBW_-_5297.jpg",germany
".\dataset\germany\200px-2013-05-15_16_-_Wolf,_Guido,_MdL_-_LTBW_-_5273.jpg",germany
.\dataset\germany\200px-2013-05-16_Ingo_Rust_8681-crop.JPG,germany
.\dataset\germany\200px-2013-05-16_Stefan_Fulst-Blei_8630-crop.JPG,germany
.\dataset\germany\200px-2013-08-23_-_Dr._Gitta_Trauernicht_-_8665.jpg,germany
.\dataset\germany\200px-2013-08-23_-_Vernd_Voß_-_8798.jpg,germany
.\dataset\germany\200px-2013-08-23_Chiemsee_Reggae_Summer_-_Patrice_3729.JPG,germany
".\dataset\germany\200px-2013-09-15_Gedenktafel_Neue_Synagoge_Hannover_(04)_Karljosef_Kreter,_Dr._Stephanie_Springer,_Präsidentin_des_Landeskirchenamtes,_Kulturdezernentin_Marlis_Drevermann,_Holocaust-Überlebende_Henry_Kormann_und_Ruth_Gröne_(cropped).JPG",germany
.\dataset\germany\200px-2013-12-04_Juergen_Mistol_255.jpg,germany
.\dataset\germany\200px-2013-12-17_-_Annekatrin_Klepsch_-_Sächsischer_Landtag_-_1668.jpg,germany
.\dataset\germany\200px-2013-12-17_-_Cornelia_Falken_-_Sächsischer_Landtag_-_1607.jpg,germany
.\dataset\germany\200px-20130620_Henning_Foerster_0376.JPG,germany
.\dataset\germany\200px-20130922_Bundestagswahl_2013_in_Berlin_by_Moritz_Kosinsky0117.jpg,germany
.\dataset\germany\200px-20131127_Margret_Voßeler_0615.jpg,germany
.\dataset\germany\200px-20131127_Markus_Herbert_Weske_0605.jpg,germany
.\dataset\germany\200px-20131128_Andrea_Ursula_Asch_0811.jpg,germany
.\dataset\germany\200px-20131128_Karlheinz_Busen_0708.jpg,germany
.\dataset\germany\200px-20131128_Klaus_Kaiser_0712.jpg,germany
.\dataset\germany\200px-20131128_Matthias_Kerkhoff_0732.jpg,germany
.\dataset\germany\200px-2013_05_70_Konrad_Krauss_(1).JPG,germany
.\dataset\germany\200px-2013_IPC_Athletics_World_Championships_-_26072013_-_Sebastian_Dietz_of_Germany_silver_of_the_Men's_Shot_put_-_F36.jpg,germany
.\dataset\germany\200px-2013_WSDC_Sochi_-_Bente_Kraus.JPG,germany
.\dataset\germany\200px-2014-02-19_-_Horst_Gies_-_Landtag_Rheinland-Pfalz_-_2255.jpg,germany
.\dataset\germany\200px-2014-02-20_-_Alexander_Schweitzer_-_Landesregierung_Rheinland-Pfalz_-_2676.jpg,germany
.\dataset\germany\200px-2014-02-20_-_Fred_Konrad_-_Landtag_Rheinland-Pfalz_-_2739.jpg,germany
.\dataset\germany\200px-2014-02-20_-_Hannelore_Klamm_-_Landtag_Rheinland-Pfalz_-_2586.jpg,germany
.\dataset\germany\200px-2014-02-20_-_Heinz-Hermann_Schnabel_-_Landtag_Rheinland-Pfalz_-_2597.jpg,germany
.\dataset\germany\200px-2014-02-20_-_Katharina_Raue_-_Landtag_Rheinland-Pfalz_-_2783.jpg,germany
.\dataset\germany\200px-2014-02-20_-_Peter_Wilhelm_Dröscher_-_Landtag_Rheinland-Pfalz_-_2905.jpg,germany
".\dataset\germany\200px-2014-03-19_Kulturzentrum_Pavillon_am_Raschplatz_in_Hannover,_Frühlingsempfang,_(050)_die_Wolfgang_Stute_(links)_und_Hajo_Hoffmann_beim_gemeinsamen_Spiel_auf_der_Bühne.jpg",germany
.\dataset\germany\200px-2014-07-01-Europaparlament_Udo_Voigt_by_Olaf_Kosinsky_-28_(1).jpg,germany
".\dataset\germany\200px-2014-07-16_-_Tschöpe,_Björn_MdBB_-_4238.jpg",germany
.\dataset\germany\200px-2014-09-09_-_Katharina_Dröge_MdB_-_6978.jpg,germany
.\dataset\germany\200px-2014-09-11_-_Markus_Tressel_MdB_-_8368.jpg,germany
.\dataset\germany\200px-2014-09-11_-_Michael_Meister_MdB_-_8099.jpg,germany
".\dataset\germany\200px-2014-10-11_-_Fußball_1._Bundesliga_-_FF_USV_Jena_vs._TSG_1899_Hoffenheim_IMG_4238_LR7,5.jpg",germany
".\dataset\germany\200px-2014-10-11_-_Fußball_1._Bundesliga_-_FF_USV_Jena_vs._TSG_1899_Hoffenheim_IMG_4413_LR7,5.jpg",germany
.\dataset\germany\200px-2014-göttingen-historikertag_051.jpg,germany
.\dataset\germany\200px-20140530_Dortmund_RuhrRaggaeSummer_0163.jpg,germany
.\dataset\germany\200px-20140716_Helmut_Weigelt_SPD_Madonius-2.jpg,germany
.\dataset\germany\200px-2014_Yohanna_Schwertfeger_(cropped).jpg,germany
.\dataset\germany\200px-2015-01-05_2185_Rolf_Eckmiller_(Landesparteitag_FDP_Baden-Württemberg).jpg,germany
.\dataset\germany\200px-2015-01-05_2863_Michael_Theurer_(Landesparteitag_FDP_Baden-Württemberg).jpg,germany
.\dataset\germany\200px-2015-02-01_AfD_Bundesparteitag_Bremen_by_Olaf_Kosinsky-137.jpg,germany
.\dataset\germany\200px-2015-02-18_Ann_Sophie_ESC_2015_by_WikiofMusic-11.jpg,germany
.\dataset\germany\200px-2015-05-05_Gundula-Gause_7591.JPG,germany
".\dataset\germany\200px-2015-10-10_Um_Gottes_Willen_-_Religion_in_säkularer_Gesellschaft,_DKR-Studientagung_in_Hannover_(122)_Petra_Kunik.JPG",germany
.\dataset\germany\200px-20150201_1348_Skispringen_Hinzenbach_8493.jpg,germany
.\dataset\germany\200px-20150207_-_Franz_Rogowski_auf_der_Berlinale_by_sebaso.jpg,germany
.\dataset\germany\200px-20150212_-_Donata_Wenders_by_sebaso_2.jpg,germany
.\dataset\germany\200px-20150426_PSG_vs_Wolfsburg_013.jpg,germany
.\dataset\germany\200px-20150725_1326_DM_Leichtathletik_Männer_Hochsprung_8944.jpg,germany
.\dataset\germany\200px-20150725_1525_DM_Leichtathletik_Männer_Hochsprung_9322_cropped.jpg,germany
.\dataset\germany\200px-20150725_1644_DM_Leichtathletik_Frauen_100m_Hürden_9602.jpg,germany
.\dataset\germany\200px-20150726_1410_DM_Leichtathletik_Männer_Diskuswurf_0563.jpg,germany
.\dataset\germany\200px-2015209225717_2015-07-29_Fotoprobe_Nibelungen_Festspiele_Worms_Gemetzel_-_Sven_-_1D_X_-_1004_-_DV3P0212_mod.jpg,germany
.\dataset\germany\200px-2015_European_Artistic_Gymnastics_Championships_-_Balance_beam_-_Pauline_Schaefer_04.jpg,germany
.\dataset\germany\200px-2015_Kremer_Peter-9372_(17195472962).jpg,germany
.\dataset\germany\200px-2015_Meyer_Markus-9348_(16989689667).jpg,germany
.\dataset\germany\200px-2015_UEC_Track_Elite_European_Championships_50.JPG,germany
.\dataset\germany\200px-2015_Uwe_Preuss_by_2eight-_DSC2987.jpg,germany
.\dataset\germany\200px-2016-02-01_054_Olaf_Glaeseker.JPG,germany
.\dataset\germany\200px-2016-02-04_Ernst-Ewald_Roth_-_MdL_Hessen_-_3319-2.jpg,germany
.\dataset\germany\200px-2016-02-04_Gerald_Kummer_-_MdL_Hessen_-_3289-2.jpg,germany
.\dataset\germany\200px-2016-02-04_Stefan_Grüttner_-_Sozialminister_Hessen_-_3209-2.jpg,germany
.\dataset\germany\200px-2016-02_VT_Aurubis_Hamburg_006_Saskia_Radzuweit.jpg,germany
.\dataset\germany\200px-2016-02_VT_Aurubis_Hamburg_084_Melanie_Horn.jpg,germany
.\dataset\germany\200px-2016-05-19_Leibniz_Bibliothek_Schaumburg-Lippe_Tagebuch_(27)_Prof.Dr._Werner_Lehfeldt.JPG,germany
".\dataset\germany\200px-2016-06-23_GWLB_1866_Wie_kam_es_zu_Hannovers_Ende,_(38)_Professor_Dr._Thomas_Vogtherr.jpg",germany
.\dataset\germany\200px-2016-06_Vetter_Bislett.jpg,germany
.\dataset\germany\200px-2016-07-29_Kaisermania_2016_in_Dresden_by_Sandro_Halank–2_(cropped).jpg,germany
.\dataset\germany\200px-2016-08-29_BSPC_Participants_by_Olaf_Kosinsky-51.jpg,germany
.\dataset\germany\200px-2016-09-02-EVYM_2016_Rehearsal-Tamina_Kallert-7358.jpg,germany
.\dataset\germany\200px-2016-10-17_Arne_Schönbohm_9918.JPG,germany
.\dataset\germany\200px-2016-11-17_-_Giorgina_Kazungu-Haß_-_0231.jpg,germany
.\dataset\germany\200px-2016-11-24_André_Erkau_by_Sandro_Halank–1.jpg,germany
.\dataset\germany\200px-2016-12-08_Andreas_Geisel_by_Sandro_Halank.jpg,germany
.\dataset\germany\200px-20160319_U17W_GERSUI_9163.jpg,germany
.\dataset\germany\200px-2016131194231_2016-05-10_Fussball_SV_Waldhof_Mannheim_vs_SV_Spielberg_-_Sven_-_1D_X_-_115_-_DV3P6684_mod.jpg,germany
.\dataset\germany\200px-2016191184119_2016-07-09_La_Ola_Mannheim_-_Sven_-_1D_X_II_-_1012_-_AK8I4655_mod.jpg,germany
.\dataset\germany\200px-2016_Franken-Tatort_-_Dayan_Kodua_-_by_2eight_-_8SC3619.jpg,germany
.\dataset\germany\200px-2016_Gisela_Schneeberger_-_by_2eight_-_8SC2480.jpg,germany
.\dataset\germany\200px-2016_Karolina_Lodyga_-_by_2eight_-_8SC5008.jpg,germany
.\dataset\germany\200px-2016_Quirin_Berg_-_by_2eight_-_8SC2268.jpg,germany
.\dataset\germany\200px-2017-02-04_Claudia_Steger_by_Sandro_Halank.jpg,germany
.\dataset\germany\200px-2017-03-14_Dresdner_Eislöwen_gegen_ESV_Kaufbeuren_by_Sandro_Halank–022.jpg,germany
.\dataset\germany\200px-2017-05-14_NRW_Landtagswahl_by_Olaf_Kosinsky-121.jpg,germany
.\dataset\germany\200px-2017-06-25_Andreas_Bausewein_by_Olaf_Kosinsky-2.jpg,germany
.\dataset\germany\200px-2017-08-11_TuS_Koblenz_vs._SG_Dynamo_Dresden_(DFB-Pokal)_by_Sandro_Halank–051.jpg,germany
.\dataset\germany\200px-2017-08-11_TuS_Koblenz_vs._SG_Dynamo_Dresden_(DFB-Pokal)_by_Sandro_Halank–092.jpg,germany
.\dataset\germany\200px-2017-08-30_Benjamin-Immanuel_Hoff_by_Olaf_Kosinsky-1.jpg,germany
.\dataset\germany\200px-2017-09-06_Ruderverband_Christopher_Friedrich_Johannes_Reinhardt_by_Olaf_Kosinsky-2.jpg,germany
.\dataset\germany\200px-2017-09-06_Ruderverband_Marcus_Schwarzrock_by_Olaf_Kosinsky-2.jpg,germany
.\dataset\germany\200px-2017-09-06_Ruderverband_Tim_Ole_Naske_by_Olaf_Kosinsky-7.jpg,germany
.\dataset\germany\200px-2017-09-06_Ruderverband_Wolf_Niclas_Schröder_by_Olaf_Kosinsky-1.jpg,germany
.\dataset\germany\200px-2017-11-03_Setbesuch_Professor_T_ZDF_Krimiserie-4163.jpg,germany
.\dataset\germany\200px-2017-11-03_Setbesuch_Professor_T_ZDF_Krimiserie-4168.jpg,germany
.\dataset\germany\200px-2017-11-16_Christian_Gaebler_by_Sandro_Halank.jpg,germany
.\dataset\germany\200px-2017-11-16_Tom_Schreiber_by_Sandro_Halank.jpg,germany
.\dataset\germany\200px-2017-11-29-Alice_Weidel-Maischberger-5664.jpg,germany
.\dataset\germany\200px-20170513_AUS_SVR_9378.jpg,germany
.\dataset\germany\200px-20170701_Mülheim_CastleRock_Erdling_0109_Erdling.jpg,germany
.\dataset\germany\200px-20171127_FIBA_WCQ_2019_AUT-GER_Karsten_Tadda_850_7298.jpg,germany
.\dataset\germany\200px-2017293155735_2017-10-20_Fussball_Frauen_Deutschland_vs_Island_-_Sven_-_1D_X_MK_II_-_0071_-_B70I0692.jpg,germany
.\dataset\germany\200px-2017_Audi_FIS_Ski_Weltcup_Garmisch-Partenkirchen_Damen_-_Patrizia_Dorsch_-_by_2eight_-_8SC8475.jpg,germany
".\dataset\germany\200px-2017_European_Athletics_U23_Championships,_4x100m_relay_men_final3_16-07-2017.jpg",germany
.\dataset\germany\200px-2017_UEC_Track_Elite_European_Championships_185.jpg,germany
.\dataset\germany\200px-2018-01-11_Olympiaeinkleidung_Deutschland_2018_by_Sandro_Halank–66.jpg,germany
.\dataset\germany\200px-2018-01-11_Olympiaeinkleidung_Deutschland_2018_by_Sandro_Halank–74.jpg,germany
.\dataset\germany\200px-2018-01-11_Olympiaeinkleidung_Deutschland_2018_by_Sandro_Halank–95.jpg,germany
.\dataset\germany\200px-_Paragraph_175__German_premiere_-_5.jpg,germany
.\dataset\israel\200px-1957._III_дружеские_игры_молодёжи._Гимнастика.jpg,israel
.\dataset\israel\200px-1996-06-19_Der_Autor_und_Rabbiner_Elazar_Benyoëtz_in_Hannover_(15).jpg,israel
.\dataset\israel\200px-2008_-_Elhanan_Helpman.jpg,israel
.\dataset\israel\200px-2009_CUN_Award_Party_Alona_Tal_011.JPG,israel
.\dataset\israel\200px-2013_ben_ner_somer_010.JPG,israel
.\dataset\israel\200px-20140608_Gelsenkirchen_RockHard_0214.jpg,israel
.\dataset\israel\200px-20151025_Viennale_Silvina_Landsmann_5557.jpg,israel
.\dataset\israel\200px-20171123_FIFA_Women's_World_Cup_2019_Qualifying_Round_AUT-ISR_Arava_Shahaf_850_6638.jpg,israel
.\dataset\israel\200px-20171123_FIFA_Women's_World_Cup_2019_Qualifying_Round_AUT-ISR_Hanit_Schwarz_850_6360.jpg,israel
.\dataset\israel\200px-2018_04_23_Alex_Vernik.jpg,israel
.\dataset\israel\200px-2018_Euros_-_Jan_17_-_Evgeni_Krasnopolski.jpg,israel
.\dataset\israel\200px-2018_TIBE_Day5_Israel_Pavilion_Collage_Art_Workshop_Hanoch_Piven.jpg,israel
.\dataset\israel\200px-2הלל_הורוביץ.jpg,israel
".\dataset\israel\200px-A.B._Yaffe,_portrait.jpg",israel
.\dataset\israel\200px-Aaron_Ben_Zeev.JPG,israel
.\dataset\israel\200px-Abd_el-Aziz_el-Zoubi_1965-11-17.jpg,israel
.\dataset\israel\200px-Abed_Abdi.jpg,israel
.\dataset\israel\200px-Abramovich_dan.jpg,israel
.\dataset\israel\200px-Abuksis2.jpg,israel
.\dataset\israel\200px-Actress_Zaharira_Harifai.JPG,israel
.\dataset\israel\200px-Adakarmi2013.jpeg,israel
.\dataset\israel\200px-Adam001.jpg,israel
.\dataset\israel\200px-Adam_Zertal.jpg,israel
.\dataset\israel\200px-Adi_Arad_pic.jpg,israel
.\dataset\israel\200px-Adi_Azar_(160677218).jpg,israel
.\dataset\israel\200px-Adi_Bielski_263.jpg,israel
.\dataset\israel\200px-Adi_Bity.jpg,israel
.\dataset\israel\200px-Adi_Madanes.jpg,israel
.\dataset\israel\200px-Adi_Nes_by_Ziv_Koren.jpg,israel
.\dataset\israel\200px-Adi_Shamir_at_TU_Darmstadt_(2013).jpg,israel
.\dataset\israel\200px-Adi_Sorek_2014.jpg,israel
.\dataset\israel\200px-Adoram_Keisi.jpg,israel
.\dataset\israel\200px-Adrian_Rochet_-_27_January_2016.JPG,israel
.\dataset\israel\200px-AharonDoron.jpg,israel
".\dataset\israel\200px-Aharon_Amir,_1967_(01773-000-17).jpg",israel
".\dataset\israel\200px-Aharon_Haliva,_February_2018_(5798)_(cropped).jpg",israel
".\dataset\israel\200px-Aharon_Ipale,_Bel_Air_Film_Festval_2014.jpg",israel
.\dataset\israel\200px-Aharon_Uzan_1966-01-12.jpg,israel
.\dataset\israel\200px-Aharon_Yadlin1974.jpg,israel
.\dataset\israel\200px-Aharon_Yariv.jpg,israel
.\dataset\israel\200px-Ahmad_Abed_Hapoel_2018.jpg,israel
.\dataset\israel\200px-Ahmad_Tibi.jpg,israel
.\dataset\israel\200px-Akiva_govrin.jpeg,israel
.\dataset\israel\200px-Akiva_Nof_28_Nov_2017_.png,israel
.\dataset\israel\200px-Akiva_Novick-2_(cropped).jpg,israel
.\dataset\israel\200px-Alek_D._Epstein_in_Kiev_2011.jpg,israel
.\dataset\israel\200px-Alenbi_Romance_seven.jpg,israel
.\dataset\israel\200px-Alenbi_Romance_six.jpg,israel
.\dataset\israel\200px-Alexander_(Sasha)_Okun.jpg,israel
.\dataset\israel\200px-Alexander_Klevan.jpg,israel
.\dataset\israel\200px-Alexander_Putov.jpg,israel
.\dataset\israel\200px-Alexander_Yakobson.jpg,israel
.\dataset\israel\200px-Alexandre_woog_fencing.jpg,israel
.\dataset\israel\200px-Alexlubotzky.jpg,israel
.\dataset\israel\200px-AlexZunger.jpg,israel
.\dataset\israel\200px-Alfred_Akirov.jpg,israel
.\dataset\israel\200px-AliceShlesinger_DSC3481_799_1200_(cropped).jpg,israel
.\dataset\israel\200px-Alice_Shalvi.jpg,israel
.\dataset\israel\200px-Alisa_Olmert.jpg,israel
.\dataset\israel\200px-Aliza_Lavie.jpg,israel
.\dataset\israel\200px-Ali_El-Khatib._Reuven_Rivlin_with_Israeli_footballers_(cropped).jpg,israel
.\dataset\israel\200px-Ali_Ottman.JPG,israel
.\dataset\israel\200px-Alla_Kushnir1973.jpg,israel
.\dataset\israel\200px-Alma_Ganihar.JPG,israel
.\dataset\israel\200px-Alma_Zohar.JPG,israel
.\dataset\israel\200px-Almog_Cohen_2011.jpg,israel
.\dataset\israel\200px-Almoshnino.jpg,israel
.\dataset\israel\200px-ALMZviKenanFltCom.jpg,israel
.\dataset\israel\200px-Alona_Daniel.JPG,israel
.\dataset\israel\200px-Alona_Sheafer.jpg,israel
.\dataset\israel\200px-AlonHilu2018.jpeg,israel
.\dataset\israel\200px-Alon_Ben_David-2.jpg,israel
.\dataset\israel\200px-Alon_Carmeli.jpg,israel
.\dataset\israel\200px-Alon_Harel.jpg,israel
.\dataset\israel\200px-Alon_Liel.jpg,israel
.\dataset\israel\200px-Alon_Schuster.jpeg,israel
.\dataset\israel\200px-Alon_Yefet_2011.jpg,israel
".\dataset\israel\200px-Alterman,Boris_1998_Recklinghausen.jpeg",israel
.\dataset\israel\200px-Aluf_Herzl_Shafir.jpeg,israel
.\dataset\israel\200px-Amalia_Duek.jpg,israel
.\dataset\israel\200px-Amal_Nasser_el-Din_(2).jpg,israel
.\dataset\israel\200px-Ambassador_Shapiro's_trip_to_BeerSheba_(17782842129)_(cropped).jpg,israel
.\dataset\israel\200px-Amira_Dotan_D977-078_(cropped).jpg,israel
.\dataset\israel\200px-Amira_Hass-crop.jpg,israel
.\dataset\israel\200px-AmirGalOr_VentureAssociationCon.jpg,israel
.\dataset\israel\200px-AmirTurgeman.jpg,israel
.\dataset\israel\200px-Amir_Abu_Nil_-_27_January_2016.JPG,israel
.\dataset\israel\200px-Amir_Aharoni.jpg,israel
.\dataset\israel\200px-Amir_Bramly.jpg,israel
.\dataset\israel\200px-AMIR_DADON_ORTAL.jpeg,israel
.\dataset\israel\200px-Amir_Ganiel_1.jpg,israel
.\dataset\israel\200px-Amir_Perets_-_20090909.jpg,israel
".\dataset\israel\200px-Amir_Peretz,_2006.jpg",israel
.\dataset\israel\200px-AmitaiSandy.jpg,israel
.\dataset\israel\200px-AmitSchejter1.jpg,israel
.\dataset\israel\200px-Amitsur.jpg,israel
.\dataset\israel\200px-Amit_erez_070328.jpg,israel
.\dataset\israel\200px-Amit_Ivry_1_(cropped).JPG,israel
.\dataset\israel\200px-Amit_L._Kochavi.jpg,israel
.\dataset\israel\200px-Amnon12.jpg,israel
.\dataset\israel\200px-AmnonYariv.png,israel
.\dataset\israel\200px-Amnon_linn.JPG,israel
.\dataset\israel\200px-Amnon_Lord.jpg,israel
.\dataset\israel\200px-Amnon_reshef1.jpg,israel
.\dataset\israel\200px-Amnon_Rubinstein.jpg,israel
.\dataset\israel\200px-Amnon_Shamosh.JPG,israel
.\dataset\israel\200px-Amnon_Shashua.jpg,israel
.\dataset\israel\200px-AMNON_STRASCHNOV.jpg,israel
.\dataset\israel\200px-AmosBar1968.jpg,israel
.\dataset\israel\200px-Amos_Hoffman_2009.JPG,israel
.\dataset\israel\200px-Amos_horev.jpeg,israel
".\dataset\israel\200px-Amos_Kenan,_November_2000.JPG",israel
.\dataset\israel\200px-Amos_Lavi_Portrait.jpg,israel
.\dataset\israel\200px-Amos_Meller_conducts_in_Norway_in_the_1990s.jpg,israel
.\dataset\israel\200px-Amos_oz675.jpg,israel
.\dataset\israel\200px-Amos_Yudan_2013-10-30_00-14.jpg,israel
.\dataset\israel\200px-Amram_Mitzna.jpg,israel
.\dataset\israel\200px-Anastassia_Michaeli_D1161-140.jpg,israel
.\dataset\israel\200px-Anat_draygur22_(cropped).jpg,israel
.\dataset\israel\200px-Anat_Kamm_9.jpg,israel
.\dataset\israel\200px-Anat_Saragusti_2010_(2).jpg,israel
.\dataset\israel\200px-Anat_Zuria_(7451)_(cropped).jpg,israel
.\dataset\israel\200px-Anchal_Bonani_cropped.jpg,israel
.\dataset\israel\200px-Andy_ram_2.jpg,israel
.\dataset\israel\200px-Anefo_911-6566_Haya_Harareet_(cropped).jpg,israel
.\dataset\israel\200px-Angela_Borsuk_2013.jpg,israel
.\dataset\israel\200px-Anna_Azari_podczas_obchodów_77._rocznicy_pogromu_w_Jedwabnem.jpg,israel
.\dataset\israel\200px-Anna_Pasternak_-_April_2014.jpg,israel
.\dataset\israel\200px-Anna_Velikiy_2010.jpg,israel
.\dataset\israel\200px-Annie_Awards_Brian_george.jpg,israel
.\dataset\israel\200px-Antebi.jpg,israel
.\dataset\israel\200px-Anton_Shoutvin.jpg,israel
.\dataset\israel\200px-Antrittsbesuch_des_Botschafters_von_Israel_im_Rathaus_von_Köln-7770.jpg,israel
.\dataset\israel\200px-Arad_Nir.jpg,israel
.\dataset\israel\200px-ArAriel_Waysman.jpg,israel
.\dataset\israel\200px-Aren_Maeir_2002.jpg,israel
.\dataset\israel\200px-Argov_600c.jpg,israel
.\dataset\israel\200px-Ariegamliel.jpg,israel
.\dataset\israel\200px-Arielhorvits.jpg,israel
.\dataset\israel\200px-Ariel_Atias.jpg,israel
.\dataset\israel\200px-Ariel_Benado.png,israel
.\dataset\israel\200px-Ariel_Rubinstein1.jpg,israel
".\dataset\israel\200px-Ariel_Sharon,_by_Jim_Wallace_(Smithsonian_Institution).jpg",israel
.\dataset\israel\200px-Ariel_uri-yehuda.jpg,israel
.\dataset\israel\200px-Arie_Alias.jpg,israel
".\dataset\israel\200px-Arie_Azoulay,_Ashdod_2013.jpg",israel
.\dataset\israel\200px-Arie_eliav.png,israel
.\dataset\israel\200px-Arie_Maliniak_(cropped).jpg,israel
.\dataset\israel\200px-Arie_redler1.jpg,israel
.\dataset\israel\200px-ArikZeevi_DSC2991_799_1200a.jpg,israel
.\dataset\israel\200px-Arik_Shivek_(2).JPG,israel
.\dataset\israel\200px-Arik_with_beret.jpg,israel
.\dataset\israel\200px-Ari_Elon.jpg,israel
.\dataset\israel\200px-Ari_Libsker_in_pronto.jpg,israel
.\dataset\israel\200px-Ari_Shavit.tif,israel
.\dataset\israel\200px-Arli_Liberman_TFM_NZ_2014.jpg,israel
.\dataset\israel\200px-Arnold_M._Eisen.jpg,israel
.\dataset\israel\200px-Arnon_goldfinfer.jpeg,israel
.\dataset\israel\200px-Arnon_Ruth_1.jpg,israel
.\dataset\israel\200px-Aryeh_Bibi.jpg,israel
.\dataset\israel\200px-Arye_Kohavi.JPG,israel
.\dataset\israel\200px-Asad_Azi_2013.jpg,israel
.\dataset\israel\200px-Asaf_Beiser.jpg,israel
.\dataset\israel\200px-Asaf_Epstein.jpg,israel
.\dataset\israel\200px-Asaf_Hanuka_pic.jpg,israel
.\dataset\israel\200px-Asaf_playing.jpg,israel
.\dataset\israel\200px-Asa_Kasher.jpg,israel
.\dataset\israel\200px-Asa_Keisar_2014.jpg,israel
.\dataset\israel\200px-Asher_Cohen_cropped.jpg,israel
.\dataset\israel\200px-Asher_Fisch.jpg,israel
.\dataset\israel\200px-Asher_Kravitz.jpg,israel
.\dataset\israel\200px-Asher_Peres.jpg,israel
.\dataset\israel\200px-Assaf_Amdursky_01.jpg,israel
.\dataset\israel\200px-Assif_tsahar.jpg,israel
.\dataset\israel\200px-Assi_Baldout_(2).JPG,israel
.\dataset\israel\200px-Assi_Levy.jpg,israel
.\dataset\israel\200px-Astar_shamir_live(3)_g.jpg,israel
.\dataset\israel\200px-Atila_Shumplevi.jpg,israel
.\dataset\israel\200px-Avi-primor-2010-ffm-036.jpg,israel
.\dataset\israel\200px-Avi-Zamir.png,israel
.\dataset\israel\200px-Aviad_Bourla.JPG,israel
".\dataset\israel\200px-Avichai_Mandelblit,_July_2017_(1536)_(cropped).jpg",israel
.\dataset\israel\200px-Avichai_Rontzki.jpg,israel
.\dataset\israel\200px-Avidov_Lipsker.jpg,israel
.\dataset\israel\200px-AviLoeb15.jpg,israel
.\dataset\israel\200px-Avi_Beker.jpg,israel
.\dataset\israel\200px-Avi_Benayahu1.jpg,israel
.\dataset\israel\200px-Avi_Benedi.jpeg,israel
.\dataset\israel\200px-Avi_Duhan.jpg,israel
.\dataset\israel\200px-Avi_Knafo_-_cropped.jpg,israel
.\dataset\israel\200px-Avi_Lerner_at_the_TIFF_premiere_of_September_Of_Shiraz.jpg,israel
.\dataset\israel\200px-Avi_Mizrahi2.JPG,israel
.\dataset\israel\200px-Avi_Nimni_new.jpg,israel
.\dataset\israel\200px-Avi_Sagi-Schwartz.jpg,israel
.\dataset\israel\200px-Avi_Shlaim_2.jpg,israel
.\dataset\israel\200px-Avi_Wartzman.jpg,israel
.\dataset\israel\200px-Avi_Wigderson_(London_2012).jpg,israel
.\dataset\israel\200px-Avi_Yehiel.jpg,israel
.\dataset\israel\200px-AVNER_STRAUSS.jpg,israel
.\dataset\israel\200px-AYELET_SHAKED.jpg,israel
.\dataset\japan\200px-'Kutsugen'_played_by_Zenshinza.JPG,japan
.\dataset\japan\200px-(15.12.13)_메구리_팬미팅_직찍_2.jpg,japan
.\dataset\japan\200px-(20140503)_次の足跡_샤메회_in_오사카_03.jpg,japan
.\dataset\japan\200px-(Marie_Claire_Korea)_야노_시호의_홀리데이_메이크업_02.jpg,japan
.\dataset\japan\200px-(싹튜브)_일본_영화계의_거장!_카뮈따윈몰라_야나기마치_미츠오_감독이_방송제작학과에_왔다~!.jpg,japan
.\dataset\japan\200px-001U2900_Takashi_Saito.jpg,japan
.\dataset\japan\200px-03obgame_2.jpg,japan
.\dataset\japan\200px-061209_Aya_Matsuura_at_V_Power__Music_Storm__(2).jpg,japan
.\dataset\japan\200px-0X4A0748.jpg,japan
.\dataset\japan\200px-10.13.12MoyokoAnnoByLuigiNovi1.jpg,japan
.\dataset\japan\200px-130413_AKB48_at_Tokyo_Auto_Salon_Singapore_Meet_&_Greet_2_and_Performance_(1).jpg,japan
.\dataset\japan\200px-130413_AKB48_at_Tokyo_Auto_Salon_Singapore_Meet_&_Greet_2_and_Performance_(11).jpg,japan
.\dataset\japan\200px-130413_AKB48_at_Tokyo_Auto_Salon_Singapore_Meet_&_Greet_2_and_Performance_(Sumire_Sato).jpg,japan
.\dataset\japan\200px-130413_AKB48_at_Tokyo_Auto_Salon_Singapore_Meet_&_Greet_2_and_Performance_(田野優花).jpg,japan
.\dataset\japan\200px-130808_山本彩_01.jpeg,japan
".\dataset\japan\200px-140323_Ichiro_Matsushita,_bullpen_catcher_of_the_Yokohama_DeNA_BayStars,_at_Seibu_Dome.JPG",japan
.\dataset\japan\200px-141114_Ran_Ohtori_at_Osaka_Japan02bs.jpg,japan
.\dataset\japan\200px-147th_Tennosho_spring_(17_Ceremony_03_Hirohumi_Toda)_IMG_2654_20130428.JPG,japan
.\dataset\japan\200px-150505_『여기가_로도스다_여기서뛰어라!』샤메회_후기_04.jpg,japan
.\dataset\japan\200px-161006_AMN_빅_콘서트_-_마키노_마리아_모닝구무스메_메들리_직캠_(Akane_Haga)_by_DaftTaengk_4m50s.jpg,japan
.\dataset\japan\200px-161006_AMN_빅_콘서트_-_마키노_마리아_모닝구무스메_메들리_직캠_(Maria_Makino)_by_DaftTaengk_48s.jpg,japan
.\dataset\japan\200px-161006_AMN_빅_콘서트_-_마키노_마리아_모닝구무스메_메들리_직캠_(Masaki_Sato)_by_DaftTaengk_8m14s.jpg,japan
.\dataset\japan\200px-161006_AMN_빅_콘서트_-_후쿠무라_미즈키_우타카다_새터데이나이트_직캠_(Mizuki_Fukumura)_by_DaftTaengk_3m37s.jpg,japan
.\dataset\japan\200px-161006_AMN_빅_콘서트_-_후쿠무라_미즈키_우타카다_새터데이나이트_직캠_by_DaftTaengk.mp4_(Haruna_Ogata)_2m49s.jpg,japan
.\dataset\japan\200px-170204_AKB48_하이텐션_파시피코_요코하마_악수회_후기_(2).jpg,japan
.\dataset\japan\200px-170303_뮤직뱅크_출근길_트와이스_(3).jpg,japan
.\dataset\japan\200px-180717_열린음악회_트와이스_(3)_(cropped).jpg,japan
.\dataset\japan\200px-180717_열린음악회_트와이스_01.jpg,japan
.\dataset\japan\200px-181029_IZ_ONE_08.png,japan
.\dataset\japan\200px-1964_STV_Ski_Jump_Akira_Adachi.jpg,japan
.\dataset\japan\200px-1992_Juzo_Itami.jpg,japan
.\dataset\japan\200px-2007SCUltraMarathon_Day1_KimieNoto-1.jpg,japan
.\dataset\japan\200px-2007SCUltraMarathon_Day1_SumieInagaki.jpg,japan
.\dataset\japan\200px-2008TIBE_Day5_Hall1_ActivityCenter2_MaiSaito.jpg,japan
.\dataset\japan\200px-2009-1227-MasaTakayama.jpg,japan
.\dataset\japan\200px-2009chibalotte_takagi.jpg,japan
.\dataset\japan\200px-2009_WSD_Speed_Skating_Championships_-_34_(cropped_2).jpg,japan
.\dataset\japan\200px-20110928-0441_Junichi_Tazawa.jpg,japan
".\dataset\japan\200px-20111015_Shinichi_Sato,coach_of_the_Tokyo_Yakult_Swallows,_at_Yokohama_Stadium.jpg",japan
".\dataset\japan\200px-20111123_Hiroyuki_Hukuyama,_pitcher_of_the_Yokohama_BayStars,_at_Yokohama_Stadium.jpg",japan
.\dataset\japan\200px-2011marines_kimoto.jpg,japan
.\dataset\japan\200px-2011marines_nakagou.jpg,japan
.\dataset\japan\200px-2011marines_satozaki.jpg,japan
.\dataset\japan\200px-2011_Rostelecom_Cup_-_Sato_Yuka.jpg,japan
.\dataset\japan\200px-2012-12_Final_Grand_Prix_1d_094_Ryuju_Hino.JPG,japan
".\dataset\japan\200px-20120129_Kazunari_Tsuruoka,_catcher_of_the_Yokohama_DeNA_BayStars,_at_Queen's_Square_Yokohama.JPG",japan
".\dataset\japan\200px-20120304_Atsusi_Kita,_outfielder_of_the_Yokohama_BayStars,_at_BayStars_Stadium.JPG",japan
".\dataset\japan\200px-20120310_Ken_Togame_pitcher_of_the_Saitama_Seibu_Lions,_at_Seibu_Dome.JPG",japan
".\dataset\japan\200px-20120310_masanori_Hayasi_pitcher_of_the_Yokohama_BayStars,_at_Seibu_Dome.JPG",japan
".\dataset\japan\200px-20120318_Keijiro_Matsumoto,_outfielder_of_the_of_the_Yokohama_DeNA_BayStars,at_Yokohama_Stadium.JPG",japan
".\dataset\japan\200px-20120318_Keisuke_Kaneko,_infielder_of_the_of_the_Fukuoka_SoftBank_Hawks,_at_Yokohama_Stadium.JPG",japan
".\dataset\japan\200px-20120318_Yui_Tomori,coach_of_the_Yokohama_DeNA_BayStars,at_Yokohama_Stadium.JPG",japan
".\dataset\japan\200px-20120320,Tosihito_Abe_infielder_of_the_Tohoku_Rakuten_Golden_Eagles,at_Yokohama_Stadium.JPG",japan
".\dataset\japan\200px-20120320_Koji_Aoyama,pitcher_of_the_Tohoku_Rakuten_Golden_Eagles,at_Yokohama_Stadium.JPG",japan
".\dataset\japan\200px-20120320_Naoto_Inada,infielder_of_the_Tohoku_Rakuten_Golden_Eagles,at_Yokohama_Stadium.JPG",japan
".\dataset\japan\200px-20120401,_Yuuki_Watanabe,_infielder_of_the_Yokohama_DeNA_BayStars,_at_Yokosuka_Stadium.JPG",japan
".\dataset\japan\200px-20120501_Shingo_Kawabata,_infielder_of_the_Tokyo_Yakult_Swallows,_at_Yokohama_Stadium.JPG",japan
".\dataset\japan\200px-20120503_Naoto_Watanabe,_infielder_of_the_Yokohama_DeNA_BayStars,_at_Yokohama_Stadium.JPG",japan
".\dataset\japan\200px-20120503_Tatsuya_Shimozono,_outfielder_of_the_Yokohama_DeNA_BayStars,_at_Yokohama_Stadium.JPG",japan
".\dataset\japan\200px-20120503_Tosiki_Kurobane,_catcher_of_the_Yokohama_DeNA_BayStars,_at_Yokohama_Stadium.JPG",japan
".\dataset\japan\200px-20121123_Daichi_Akahori,_outfielder_of_the_Yokohama_DeNA_BayStars,_at_Yokohama_Stadium.JPG",japan
".\dataset\japan\200px-20121123_kazuki_Misima,_pitcher_of_the_Yokohama_DeNA_BayStars,_at_Yokohama_Stadium.JPG",japan
".\dataset\japan\200px-20121123_Tateki_Abe,_pitcher_of_the_Yokohama_DeNA_BayStars,_at_Yokohama_Stadium.JPG",japan
.\dataset\japan\200px-2012marines_masuda.jpg,japan
.\dataset\japan\200px-2012marines_nakaushiro.jpg,japan
.\dataset\japan\200px-2012_kamata_yoshinao.jpg,japan
.\dataset\japan\200px-20130113_-_PSG-Montpellier_067.jpg,japan
".\dataset\japan\200px-20130316_Shogo_Yamamoto,_pitcher_of_the_Fukuoka_SoftBank_Hawks,_at_Yokohama_Stadium.JPG",japan
".\dataset\japan\200px-20130317_Hirosi_Kobayasi,_pitcher_of_the_Yokohama_DeNA_BayStars,_at_Yokohama_Stadium.JPG",japan
".\dataset\japan\200px-20130406_Kenji_Tsuchiya,_pitcher_of_the_Yokohama_DeNA_BayStars,_at_Meiji_Jingu_Stadium.JPG",japan
".\dataset\japan\200px-20130421_Toshiya_Okada,_pitcher_of_the_Chunichi_Dragons,_at_Yokohama_Stadium.JPG",japan
".\dataset\japan\200px-20130429_Masaya_Emura,_pitcher_of_the_Tokyo_Yakult_Swallows,_at_Yokohama_Stadium.JPG",japan
".\dataset\japan\200px-20130629_Yudai_Ohno,_pitcher_of_the_Chunichi_Dragons,_at_Yokohama_Stadium.JPG",japan
".\dataset\japan\200px-20130803_Ryuichiro_Akada,_catcher_of_the_Chunichi_Dragons,_at_Yokohama_Stadium.JPG",japan
".\dataset\japan\200px-20130818_Masasi_Nisimori,_catcher_of_the_Yokohama_DeNA_BayStars,_at_Yokohama_Stadium.JPG",japan
".\dataset\japan\200px-20130818_Yoshitaka_Isomura,_catcher_of_the_Hiroshima_Toyo_Carp,_at_Yokohama_Stadium.JPG",japan
".\dataset\japan\200px-20130901_Taichi_Ishiyama,_pitcher_of_the_Tokyo_Yakult_Swallows,_at_Meiji_Jingu_Stadium.JPG",japan
".\dataset\japan\200px-20130929_Jun_Matsui,_outfielder_of_the_Tokyo_Yakult_Swallows,_at_Meiji_Jingu_Stadium.JPG",japan
".\dataset\japan\200px-20131117_Hiromi_Oka,_infielder_of_the_Meiji_University_Baseball_Club,_at_Meiji_Jingu_Stadium.JPG",japan
.\dataset\japan\200px-2013jobu_miki.jpg,japan
.\dataset\japan\200px-2013_IPC_Athletics_World_Championships_-_26072013_-_Atsushi_Yamamoto_of_Japan_preparing_for_the_Men's_100m_-_T42.jpg,japan
.\dataset\japan\200px-2013_Nebelhorn_Trophy_Narumi_TAKAHASHI_Ryuichi_KIHARA_IMG_6860.JPG,japan
.\dataset\japan\200px-2013_WSDC_Sochi_-_Maki_Tsuji.JPG,japan
.\dataset\japan\200px-2013_WSDC_Sochi_-_Miyako_Sumiyoshi.JPG,japan
.\dataset\japan\200px-2013_WSDC_Sochi_-_Ryohei_Haga.JPG,japan
.\dataset\japan\200px-2013_WSDC_Sochi_-_Yuya_Oikawa.JPG,japan
".\dataset\japan\200px-20140316_Shuichirou_Osada,_pitcher_of_the_Yokohama_DeNA_BayStars,_at_Yokohama_Stadium.JPG",japan
".\dataset\japan\200px-20140429_Kouji_Hukutani,_pitcher_of_the_Chunichi_Dragons,_at_Yokohama_Stadium.JPG",japan
".\dataset\japan\200px-20140429_Tomoya_Mikami_pitcher_of_the_Yokohama_DeNA_BayStars,_at_Yokohama_Stadium.JPG",japan
".\dataset\japan\200px-20140505_Shun_Yamashita,_pitcher_of_the_Yokohama_DeNA_BayStars,_at_Yokosuka_Stadium.JPG",japan
".\dataset\japan\200px-20140505_Yuta_Kakita_pitcher_of_the_Yokohama_DeNA_BayStars,at_Yokosuka_Stadium_(2).JPG",japan
.\dataset\japan\200px-20140525_Kokontei-Shinpachi.jpg,japan
".\dataset\japan\200px-20140621_Takayuki_Kishi_pitcher_of_the_Saitama_Seibu_Lions,_at_Yokohama_Stadium.JPG",japan
.\dataset\japan\200px-20140707_Ai_Shimizu_at_Shinjuku_FACE.jpg,japan
".\dataset\japan\200px-20140727_Singo_Hirata_pitcher_of_the_Yokohama_DeNA_BayStars,at_Meiji_Jingu_Stadium.JPG",japan
".\dataset\japan\200px-20140817_Tomoya_Matano,_infielder_of_the_Tokyo_Yakult_Swallows,_at_Yokosuka_Stadium.JPG",japan
".\dataset\japan\200px-20140817_Tomo_Otosaka,_outfielder_of_the_Yokohama_BayStars,_at_Yokosuka_Stadium.JPG",japan
".\dataset\japan\200px-20140923_Toshihumi_Baba,coach_of_the_Yokohama_DeNA_BayStars,_at_Yokohama_Stadium.JPG",japan
.\dataset\japan\200px-20141001_三ツ俣大樹.jpg,japan
.\dataset\japan\200px-2014_DécaNation_-_Pole_vault_20.jpg,japan
.\dataset\japan\200px-2014_Grand_Prix_of_Figure_Skating_Final_Rika_Hongo_IMG_2379.JPG,japan
.\dataset\japan\200px-2014_Grand_Prix_of_Figure_Skating_Final_Takashi_Mura_IMG_3270.JPG,japan
.\dataset\japan\200px-2014_ISU_Junior_Grand_Prix_Final_Miyu_Nakashio_IMG_1460.JPG,japan
.\dataset\japan\200px-2014_US_Open_Grand_Prix_Gold_-_Kana_Ito.jpg,japan
.\dataset\japan\200px-2015D39.jpg,japan
.\dataset\japan\200px-2015D40.jpg,japan
.\dataset\japan\200px-2015D53.jpg,japan
.\dataset\japan\200px-2015_Grand_Prix_of_Figure_Skating_Final_Shoma_Uno_IMG_8000.JPG,japan
.\dataset\japan\200px-2015_Grand_Prix_of_Figure_Skating_Final_Yuna_Shiraiwa_IMG_7220.JPG,japan
.\dataset\japan\200px-20160915-DSC_8040_(29451721970).jpg,japan
.\dataset\japan\200px-2016T9.jpg,japan
.\dataset\japan\200px-2016_2017_UCI_Track_World_Cup_Apeldoorn_174.jpg,japan
.\dataset\japan\200px-2016_2017_UCI_Track_World_Cup_Apeldoorn_204.jpg,japan
.\dataset\japan\200px-2016_2017_UCI_Track_World_Cup_Glasgow_13.jpg,japan
.\dataset\japan\200px-2016–17_WBBL_PS_v_MS_17-01-15_Sciver_(03).jpg,japan
.\dataset\japan\200px-20170211yua_mikami.jpg,japan
".\dataset\japan\200px-20170311_Keita_Sano,_infielder_of_the_Yokohama_DeNA_BayStars,_at_Yokohama_Stadium.jpg",japan
.\dataset\japan\200px-20170416_JPNDEN_4849.jpg,japan
.\dataset\japan\200px-20170416_JPNDEN_4877.jpg,japan
.\dataset\japan\200px-20170416_JPNDEN_5091.jpg,japan
.\dataset\japan\200px-2017_아시아_모델_페스티벌_레드카펫_(24).jpg,japan
.\dataset\japan\200px-2017年上海成人展_AV女優彩美旬果簡介_46s.jpg,japan
.\dataset\japan\200px-2018-01-05_IBU_Biathlon_World_Cup_Oberhof_2018_-_Sprint_Men_-_Mikito_Tachizaki.jpg,japan
".\dataset\japan\200px-20180527_Kentaro_Taira,_pitcher_of_the_Yokohama_DeNA_BayStars,at_Meiji_Jingu_Stadium.jpg",japan
.\dataset\japan\200px-26th_Tokyo_International_Film_Festival_Nao_Ōmori.jpg,japan
.\dataset\japan\200px-27th_Tokyo_International_Film_Festival-_Adachi_Yumi_from_A_Courtesan_with_Flowered_Skin.jpg,japan
.\dataset\japan\200px-27th_Tokyo_International_Film_Festival_Ai_Hashimoto_from_Parasyte.jpg,japan
.\dataset\japan\200px-27th_Tokyo_International_Film_Festival_Daihachi_Yoshida.jpg,japan
.\dataset\japan\200px-27th_Tokyo_International_Film_Festival_Miho_Kanno.jpg,japan
.\dataset\japan\200px-27th_Tokyo_International_Film_Festival_Shota_Sometani_from_Parasyte.jpg,japan
.\dataset\japan\200px-27th_Tokyo_International_Film_Festival_Sosuke_Ikematsu.jpg,japan
.\dataset\japan\200px-27th_Tokyo_International_Film_Festival_Tomokazu_Miura_from_Until_The_Day_Comes.jpg,japan
.\dataset\japan\200px-27th_Tokyo_International_Film_Festival_Yūki_Kaji.jpg,japan
.\dataset\japan\200px-34_Yukio_Kagayama_2008Aug.jpg,japan
.\dataset\japan\200px-36_shonosuke_1.JPG,japan
.\dataset\japan\200px-39th_Inosuke_Shikimori_in_Sumiyoshi_Taisha_(2)_IMG_1484-2_20130302.JPG,japan
.\dataset\japan\200px-3F4A0205.jpg,japan
.\dataset\japan\200px-AbeNDreamspromo.jpg,japan
.\dataset\japan\200px-ABE_Syuichi_2011.jpg,japan
.\dataset\japan\200px-Abe_yuu.jpg,japan
.\dataset\japan\200px-Afra-onstage-oct14-2013.jpg,japan
.\dataset\japan\200px-Agawa_Family.jpg,japan
.\dataset\japan\200px-Aguri_Suzuki_2008_Super_GT.jpg,japan
.\dataset\japan\200px-Aika_Kamimura.jpg,japan
.\dataset\japan\200px-Airi_Suzuki_at_Japan_Expo_2014.jpg,japan
.\dataset\japan\200px-Aiyoko.jpg,japan
.\dataset\japan\200px-AI_SUGIYAMA_(3244568825).jpg,japan
".\dataset\japan\200px-Ai_Tominaga,_Red_Dress_Collection_2004.jpg",japan
.\dataset\japan\200px-Aja_Kong.JPG,japan
.\dataset\japan\200px-Akaike-small.jpg,japan
.\dataset\japan\200px-Akane-Yamamoto20111219.jpg,japan
.\dataset\japan\200px-Akatsuki_Yamatoya_IMG_9047_20150104.JPG,japan
.\dataset\japan\200px-AKB48_20090703_Japan_Expo_07.jpg,japan
.\dataset\japan\200px-AKB48_20090703_Japan_Expo_18.jpg,japan
.\dataset\japan\200px-AKB48_20090704_Japan_Expo_02.jpg,japan
.\dataset\japan\200px-AKB48_Group大前輩經驗分享_02.png,japan
.\dataset\japan\200px-AKB48_Group大前輩經驗分享_09.png,japan
.\dataset\japan\200px-AKB48_チーム8ライブ福井_FBCサマーフェスタ2015_長久玲奈.jpg,japan
.\dataset\japan\200px-Akihiko_Hirata_poster_detail_2.jpg,japan
.\dataset\japan\200px-Akihiro_onaga.jpg,japan
.\dataset\japan\200px-Akiko_Fukuoka_Japan_Preview_Show_2010_2.jpg,japan
.\dataset\japan\200px-Akiko_Kazami_Scan10003.jpg,japan
.\dataset\japan\200px-Akiko_Suzuki_at_the_2010_Olympics_(1).jpg,japan
.\dataset\japan\200px-AKINO.JPG,japan
.\dataset\japan\200px-Akinori_Iwamura.JPG,japan
.\dataset\japan\200px-Akinori_Yonezawa.jpg,japan
.\dataset\japan\200px-Akio_Kaminaga.jpg,japan
.\dataset\japan\200px-Akio_Toyoda.jpg,japan
.\dataset\japan\200px-Akira_Gunji_200909.jpg,japan
.\dataset\japan\200px-Akira_Koudate.jpg,japan
.\dataset\japan\200px-Akira_Kuroiwa.JPG,japan
.\dataset\japan\200px-Akira_Mitsutake_2001.jpg,japan
.\dataset\japan\200px-Akira_Nagatsuma_cropped_1_長妻昭.JPG,japan
.\dataset\japan\200px-Akira_Nishino.jpg,japan
.\dataset\japan\200px-Akira_Ohgi.jpg,japan
.\dataset\japan\200px-Akira_Tozawa_Apr_2011.jpg,japan
.\dataset\japan\200px-Akira_Watanabe.jpg,japan
.\dataset\japan\200px-Akito_Watabe_Eisenerz_2008b.jpg,japan
.\dataset\japan\200px-Akiyama_Yuzuki_from__One_Cut_of_the_Dead__at_Opening_Ceremony_of_the_Tokyo_International_Film_Festival_2018_(44894527574).jpg,japan
.\dataset\japan\200px-Aki_Kanbayashi.jpg,japan
".\dataset\japan\200px-Aki_Misato_on_February_7,_2009.jpg",japan
.\dataset\japan\200px-Aki_Shimizu_20060709_Japan_Expo_01.jpg,japan
.\dataset\japan\200px-Akkiinoue.jpg,japan
.\dataset\japan\200px-Akutagawa_Hiroshi.jpg,japan
.\dataset\japan\200px-AKİRA_TORİYAMA.jpg,japan
.\dataset\japan\200px-Amari_Akira_1-3.jpg,japan
".\dataset\japan\200px-Amatsuka_Moe,_Japanese_porn_actress_1.jpg",japan
.\dataset\japan\200px-Amemiya_Keita__Bikuu_The_Movie__at_Opening_Ceremony_of_the_28th_Tokyo_International_Film_Festival_(22428216165)_(cropped).jpg,japan
.\dataset\japan\200px-AmiYamazaki_photo1.JPG,japan
.\dataset\japan\200px-Ami_Koshimizu_(小清水亜美)_from_acrofan.jpg,japan
.\dataset\japan\200px-Anna_Ohura_(cropped).jpg,japan
.\dataset\japan\200px-Anna_Tsuchiya_(cropped).jpg,japan
.\dataset\japan\200px-Anthony-ichiro-sanda.jpg,japan
".\dataset\japan\200px-Antwerpen_-_Scheldeprijs,_8_april_2015,_vertrek_(A60).JPG",japan
.\dataset\japan\200px-Aoi_Kuchiduke.1965.jpg,japan
.\dataset\japan\200px-Aoki_Tsunenori_from__GARO_-KAMINOKIBA-__at_Opening_Ceremony_of_the_Tokyo_International_Film_Festival_2017_(28423401669).jpg,japan
.\dataset\japan\200px-Aota_photo_1.jpg,japan
.\dataset\japan\200px-Aoyagi_Fumiko__Their_Distance__at_Opening_Ceremony_of_the_28th_Tokyo_International_Film_Festival_(22240842340).jpg,japan
.\dataset\japan\200px-ARAMASATaku.jpg,japan
".\dataset\japan\200px-ARC2016,_Japan's_Head_Coach_Nakatake.jpg",japan
.\dataset\mexico\200px--01_Lin_Durán_jpg.jpg,mexico
.\dataset\mexico\200px-03122012Manuel_espino104.jpg,mexico
.\dataset\mexico\200px-03262012Demonstraciones_rescate_erum_fabian_acuña083.JPG,mexico
.\dataset\mexico\200px-05022012patrick_loligger19.jpg,mexico
.\dataset\mexico\200px-10.9.10HumbertoRamosByLuigiNovi.jpg,mexico
.\dataset\mexico\200px-10252012Pagano09.jpg,mexico
.\dataset\mexico\200px-110104_img_doncarlos_cabrero.jpg,mexico
.\dataset\mexico\200px-15-01-2013_2º_Informe_de_Gobierno_de_Rafael_Moreno_Valle.jpg,mexico
.\dataset\mexico\200px-150001_justoarroyo.jpg,mexico
.\dataset\mexico\200px-2009_Ice_Age_3_Los_Angeles_Premiere_(3).jpg,mexico
.\dataset\mexico\200px-2009_Women's_British_Open_-_Lorena_Ochoa_(5).jpg,mexico
.\dataset\mexico\200px-2012_Paralympics_Men's_200m_T52_Victory_Ceremony.jpg,mexico
.\dataset\mexico\200px-2014-06-15_MonicaOcampo.JPG,mexico
.\dataset\mexico\200px-20150412_Rotterdam_Marathon_German_Silva_(cropped).jpg,mexico
.\dataset\mexico\200px-2015Feria003.JPG,mexico
.\dataset\mexico\200px-2016-06-15_1442_Arnulfo_Mendoza.png,mexico
.\dataset\mexico\200px-2017_WJC_-_Donovan_Carrillo_-_04.jpg,mexico
.\dataset\mexico\200px-2018_2019_UCI_Track_World_Cup_Berlin_218.jpg,mexico
.\dataset\mexico\200px-28af1.jpg,mexico
.\dataset\mexico\200px-370x270dianabracho.jpg,mexico
.\dataset\mexico\200px-50Personajes2012_57.JPG,mexico
.\dataset\mexico\200px-6thAnniversayMAP07.JPG,mexico
.\dataset\mexico\200px-6thAnniversayMAP24.JPG,mexico
".\dataset\mexico\200px-A1_Grand_Prix,_Kyalami_-_Mexico.jpg",mexico
.\dataset\mexico\200px-AAA-Panama_B.JPG,mexico
.\dataset\mexico\200px-AAA_MAYANS_02.JPG,mexico
.\dataset\mexico\200px-Aaronbalderi.jpg,mexico
.\dataset\mexico\200px-Aaron_hernan.jpg,mexico
.\dataset\mexico\200px-Aarón_Díaz_in_2015.png,mexico
.\dataset\mexico\200px-Abismo_Negro_En_Mexicali.JPG,mexico
.\dataset\mexico\200px-Abogado_patiño_hurtado.jpg,mexico
.\dataset\mexico\200px-Abuelitos.jpg,mexico
.\dataset\mexico\200px-ACC-20Foto_20-01.jpg,mexico
.\dataset\mexico\200px-Actor_Claudio_Obregón.JPG,mexico
.\dataset\mexico\200px-ActrizPatriciaConde.jpg,mexico
.\dataset\mexico\200px-ACVATwitter.jpg,mexico
.\dataset\mexico\200px-Adal_Ramones.jpg,mexico
.\dataset\mexico\200px-Adela-Navarro-Bello.png,mexico
.\dataset\mexico\200px-Adela_Calva_Reyes.jpg,mexico
.\dataset\mexico\200px-Adolfo_Aguilar_Zinser.jpg,mexico
.\dataset\mexico\200px-Adolfo_Castañón.jpg,mexico
.\dataset\mexico\200px-Adolfo_Mexiac.jpg,mexico
.\dataset\mexico\200px-Adolfo_Rios.png,mexico
.\dataset\mexico\200px-Adolfo_Toledo_Infanzón.jpg,mexico
".\dataset\mexico\200px-Adolfo_Vergara_Trujillo,_2016.jpg",mexico
.\dataset\mexico\200px-Adriana_Fonseca_(cropped).jpg,mexico
.\dataset\mexico\200px-Adriana_Gonzalez_Carrillo_oficial.jpg,mexico
.\dataset\mexico\200px-Adriana_Sage_2007_adjusted.jpg,mexico
.\dataset\mexico\200px-Adrianna_Foster.jpeg,mexico
.\dataset\mexico\200px-Adrian_Cardoso.jpg,mexico
.\dataset\mexico\200px-Adrian_de_la_Garza.jpg,mexico
.\dataset\mexico\200px-Adrian_Zamora.JPG,mexico
.\dataset\mexico\200px-Adrián_Terrazas-González.JPG,mexico
.\dataset\mexico\200px-Agnes_Torres.jpg,mexico
.\dataset\mexico\200px-AGO-MNH-2016.jpg,mexico
.\dataset\mexico\200px-Aguja_Quintanar_México.jpg,mexico
.\dataset\mexico\200px-Agustin-Cadena.jpg,mexico
.\dataset\mexico\200px-Agustin_Murillo.jpg,mexico
.\dataset\mexico\200px-Agus_0320.jpeg,mexico
.\dataset\mexico\200px-Aislinn_Derbez_at_the_How_To_Be_A_Latin_Lover_Premiere.png,mexico
.\dataset\mexico\200px-Alan_Tacher.jpg,mexico
.\dataset\mexico\200px-Alan_Zamora.jpg,mexico
.\dataset\mexico\200px-Alberto-y-lucero.jpeg,mexico
.\dataset\mexico\200px-Alberto_Anaya.jpg,mexico
.\dataset\mexico\200px-Alberto_Baillères.jpg,mexico
.\dataset\mexico\200px-Alberto_Blanco_by_DB.jpg,mexico
.\dataset\mexico\200px-Alberto_Cardenas.jpg,mexico
.\dataset\mexico\200px-Alberto_Cortés_Calderón.jpg,mexico
.\dataset\mexico\200px-Alberto_Coyote_2000_con_Chivas.jpg,mexico
".\dataset\mexico\200px-Alberto_Curi_Naime,_mexican_politician_PRI..jpg",mexico
.\dataset\mexico\200px-Alberto_Del_Rio_2010_Tribute_to_the_Troops.jpg,mexico
.\dataset\mexico\200px-Alberto_Isaac.jpg,mexico
.\dataset\mexico\200px-Alberto_Kalach.jpg,mexico
.\dataset\mexico\200px-Alberto_Lati.JPG,mexico
.\dataset\mexico\200px-Alberto_Michán_-_2008_Summer_Olympics_Equestrian_Final_Round_A.jpg,mexico
.\dataset\mexico\200px-AlbertoÁlvarezTripleJumpFinalMenRio2016_edited.jpg,mexico
.\dataset\mexico\200px-Aldo_Monti.jpg,mexico
.\dataset\mexico\200px-Aleida_Alavez.jpg,mexico
.\dataset\mexico\200px-AlejandraG.jpg,mexico
.\dataset\mexico\200px-ALEJANDRAPROCUNAAGOSTO2011.jpg,mexico
".\dataset\mexico\200px-Alejandra_Espinoza,_Alma_Awards_2012_Red_Carpet_Arrivals.jpg",mexico
.\dataset\mexico\200px-Alejandra_Guerrero_Rodriguez_2012.jpg,mexico
.\dataset\mexico\200px-Alejandra_Lajous_2014.jpg,mexico
.\dataset\mexico\200px-AlejandroMonteverde06TIFF.jpg,mexico
.\dataset\mexico\200px-Alejandro_Barajas_(Legavolley_2017).jpg,mexico
.\dataset\mexico\200px-Alejandro_Belmonte_foto.jpg,mexico
.\dataset\mexico\200px-Alejandro_Encinas_2.jpg,mexico
.\dataset\mexico\200px-Alejandro_Fernández_2.jpg,mexico
.\dataset\mexico\200px-Alejandro_Filio.jpg,mexico
.\dataset\mexico\200px-Alejandro_Gertz.jpg,mexico
.\dataset\mexico\200px-Alejandro_González_Iñárritu.jpg,mexico
.\dataset\mexico\200px-Alejandro_Murat_in_September_2017.jpg,mexico
.\dataset\mexico\200px-Alejandro_Paz_Embajador_Juvenil_en_Derechos_Humanos.jpg,mexico
.\dataset\mexico\200px-Alejandro_Ruiz.jpg,mexico
.\dataset\mexico\200px-Alejandro_Tello_Cristerna.jpg,mexico
.\dataset\mexico\200px-Alessandra_Rosaldo.jpg,mexico
.\dataset\mexico\200px-Alessio_Romero.jpg,mexico
.\dataset\mexico\200px-Alexander_Acha.tif,mexico
.\dataset\mexico\200px-Alexandro_Álvarez.jpg,mexico
.\dataset\mexico\200px-Alexis_Ayala_in_an_interview_with_Dulce_Osuna_on_2_June_2017.png,mexico
.\dataset\mexico\200px-ALEXTANDUP.jpg,mexico
.\dataset\mexico\200px-Alex_Lora.jpg,mexico
.\dataset\mexico\200px-Alex_Trevino_in_Houston_January_2015.jpg,mexico
.\dataset\mexico\200px-Alfonso-angoitia-headshot-2018.jpg,mexico
.\dataset\mexico\200px-AlfonsoMonrealLopez.jpg,mexico
.\dataset\mexico\200px-Alfonso_Arau.jpg,mexico
.\dataset\mexico\200px-Alfonso_Cuaron_-_2006_-_Children_of_Men_(Mexico_premiere).jpg,mexico
.\dataset\mexico\200px-Alfonso_gonzález.jpg,mexico
.\dataset\mexico\200px-Alfonso_Herrera_2015.jpeg,mexico
.\dataset\mexico\200px-Alfonso_Marquez_2011.jpg,mexico
.\dataset\mexico\200px-Alfonso_Mejia_Arias_-Sor_Juana_Conferencia_Antigua_Guatemala.jpg,mexico
.\dataset\mexico\200px-Alfonso_Pichardo.jpg,mexico
.\dataset\mexico\200px-Alfredo_Adame_conferencia.jpg,mexico
.\dataset\mexico\200px-Alfredo_Alcalá_Marcha_por_la_Paz_en_Hidalgo.jpg,mexico
.\dataset\mexico\200px-Alfredo_Talavera.jpg,mexico
.\dataset\mexico\200px-Alfredo_Tena.jpg,mexico
.\dataset\mexico\200px-Alfred_Gusenbauer.jpg,mexico
".\dataset\mexico\200px-Alicia_Bárcena_Ibarra,_World_Economic_Forum_on_Latin_America_2009_2.jpg",mexico
.\dataset\mexico\200px-Alicia_Guadalupe_Gamboa_Martínez.JPG,mexico
.\dataset\mexico\200px-Alicia_Guadalupe_Kerber_Palma_(43818049180).jpg,mexico
.\dataset\mexico\200px-Alicia_Villarreal_-_Vive_Grupero_2010.jpg,mexico
".\dataset\mexico\200px-Alm._Yee_Amador,_Cap._Meugniot,_Silverio_Cavazos,_Alm._Valdes_Alvarez.JPG",mexico
.\dataset\mexico\200px-Almirante-Vidal-Soberon.jpg,mexico
.\dataset\mexico\200px-Almirantebarberena.JPG,mexico
.\dataset\mexico\200px-Alonso_Hernandez_2015.jpg,mexico
.\dataset\mexico\200px-Alpha_tavera_y_amlo.jpg,mexico
.\dataset\mexico\200px-Altaír_Jarabo.jpg,mexico
.\dataset\mexico\200px-Amanda_Lalena.jpg,mexico
.\dataset\mexico\200px-America_Mexico_2016_(12)_-_копия.jpg,mexico
.\dataset\mexico\200px-America_Mexico_2016_(77).jpg,mexico
.\dataset\mexico\200px-America_Mexico_2016_(8)_-_копия.jpg,mexico
.\dataset\mexico\200px-Amlo13-640x263.png,mexico
.\dataset\mexico\200px-Anabel_gutierrez.jpg,mexico
.\dataset\mexico\200px-Anacolchero6px.jpg,mexico
.\dataset\mexico\200px-AnatolyZatin.jpg,mexico
.\dataset\mexico\200px-Ana_Berenice_Díaz_Ceballos_Prada_(44911143374).jpg,mexico
.\dataset\mexico\200px-Ana_Bertha_Espín_Actriz.jpg,mexico
".\dataset\mexico\200px-Ana_Bertha_Lepe,_Roma,_Italia,_1966..jpg",mexico
.\dataset\mexico\200px-Ana_Bárbara_2005.jpg,mexico
.\dataset\mexico\200px-Ana_Cecilia_Cantu_2007_Nebelhorn_Trophy.jpg,mexico
.\dataset\mexico\200px-Ana_Clavel.jpg,mexico
.\dataset\mexico\200px-Ana_Diaz_Mexico.jpg,mexico
.\dataset\mexico\200px-Ana_Gabriel.jpg,mexico
.\dataset\mexico\200px-Ana_Luisa_de_Jesús_Quintana_Paz_Peluffo.jpg,mexico
.\dataset\mexico\200px-Ana_Maria_Cetto_(01310701)_(4874995165).jpg,mexico
.\dataset\mexico\200px-Ana_Ofelia_Munguía.jpg,mexico
.\dataset\mexico\200px-Ana_Rosa_Payan.jpg,mexico
.\dataset\mexico\200px-Ana_Teresa_Casas_from_Mexico.JPG,mexico
".\dataset\mexico\200px-Ancira,_Selma.jpg",mexico
.\dataset\mexico\200px-Andere.jpg,mexico
.\dataset\mexico\200px-AndreaSanchez_(40675833441)_(cropped).jpg,mexico
.\dataset\mexico\200px-Andrea_Saldaña_Rivera_en_2015.jpg,mexico
".\dataset\mexico\200px-Andrea_Vergara,_Amat_Escalante,_Armando_Espitia_-__Heli__(8751871994)_(cropped).jpg",mexico
.\dataset\mexico\200px-Andres-peraza-emiliano-zapata-1986.jpg,mexico
.\dataset\mexico\200px-Andres_Garcia.jpg,mexico
.\dataset\mexico\200px-Andrs_massieu.jpg,mexico
.\dataset\mexico\200px-Andrés_Guardado.jpg,mexico
.\dataset\mexico\200px-Andrés_Palacios.jpg,mexico
.\dataset\mexico\200px-Andrés_Roemer.jpg,mexico
.\dataset\mexico\200px-Andy_Zuno_PTM.jpg,mexico
.\dataset\mexico\200px-Angelica_Arguelles.jpg,mexico
.\dataset\mexico\200px-Angelica_Maria_2010_taken_in_Miami.jpg,mexico
.\dataset\mexico\200px-Angelina_Peláez.jpg,mexico
.\dataset\mexico\200px-Angelmauro.jpg,mexico
.\dataset\mexico\200px-Angel_Rafael_Nungaray.jpg,mexico
.\dataset\mexico\200px-Angel_Reyna.jpg,mexico
.\dataset\mexico\200px-Angélica_Celaya_for_Constantine.jpg,mexico
.\dataset\mexico\200px-Anna_Iliná.jpg,mexico
.\dataset\mexico\200px-Anthony_Wayne_and_Governor_of_Tamaulipas_Egidio_Torre_Cantú.jpg,mexico
.\dataset\mexico\200px-AntoninoIsordiaEnRodajeDe1973.jpg,mexico
.\dataset\mexico\200px-AntonioFernándezRos.jpg,mexico
.\dataset\mexico\200px-AntonioMunizInFrontOfTriptych.png,mexico
.\dataset\mexico\200px-Antonio_Juan_Marcos_V..jpg,mexico
.\dataset\mexico\200px-Antonio_Lazcano.jpg,mexico
.\dataset\mexico\200px-Antonio_Margarito.jpg,mexico
".\dataset\mexico\200px-Antonio_Neira_Castillo,_Mascarilla_de_Ignacio_López_Tarso,_México_1976.JPG",mexico
".\dataset\mexico\200px-Antonio_Neira_Castillo,_Mascarilla_de_Joaquin_Cordero,_México_1976.JPG",mexico
.\dataset\mexico\200px-Antonio_Ramirez_Miramar.jpg,mexico
.\dataset\mexico\200px-Antonio_Rios.jpg,mexico
.\dataset\mexico\200px-Antonio_Sarabia.JPG,mexico
.\dataset\mexico\200px-Antonio_Zepeda.jpg,mexico
.\dataset\mexico\200px-Antígona_Segura.jpg,mexico
.\dataset\mexico\200px-An_actor_characterized_as_Victor_Trujillo's_Brozo.jpg,mexico
.\dataset\mexico\200px-Apaolaza.jpg,mexico
.\dataset\mexico\200px-Aracely_Arámbula_in_May_2017.png,mexico
.\dataset\mexico\200px-Arap_Bethke_mexican_actor.jpg,mexico
.\dataset\mexico\200px-Arath_de_la_Torre_in_2017.jpg,mexico
.\dataset\mexico\200px-Arcelia_Ramírez.jpg,mexico
.\dataset\mexico\200px-Archery_Ladies_Medal_Ceremonay.jpg,mexico
.\dataset\mexico\200px-Arefoomano.jpg,mexico
.\dataset\mexico\200px-Argenis.png,mexico
.\dataset\mexico\200px-Ariadne_Diaz.jpg,mexico
.\dataset\mexico\200px-Arianna2.jpg,mexico
.\dataset\mexico\200px-Ariel_Camacho_.jpg,mexico
.\dataset\mexico\200px-Ario_garza.JPG,mexico
.\dataset\mexico\200px-AristotelesSandovalD.jpg,mexico
.\dataset\mexico\200px-Arly_Velazquez_Mexico.jpg,mexico
.\dataset\mexico\200px-Armando_Ayala_Anguiano.jpg,mexico
.\dataset\mexico\200px-ARTURO_NUNEZ_CORBATA_AMARILLA_TRAJE.jpg,mexico
.\dataset\mexico\200px-ASPG_adios_desde_vsn.jpg,mexico
.\dataset\russia\200px-01_Anastasia_Reshetova.jpg,russia
.\dataset\russia\200px-01_Igor'_Talkov-mladshiy_.jpg,russia
.\dataset\russia\200px-07_Mr_Trombon_W.jpg,russia
.\dataset\russia\200px-14_Georgi_Dzhikiya.jpg,russia
.\dataset\russia\200px-1_Aleksandr_Samokhvalov.jpg,russia
.\dataset\russia\200px-2002_год._Женская_сборная_России.jpg,russia
.\dataset\russia\200px-2009_EC_Ice_Dancing_Podium_(cropped)_-_Khokhlova.jpg,russia
.\dataset\russia\200px-2010-12-28_Taimuraz_Mamsurov.jpeg,russia
".\dataset\russia\200px-2010_Cup_of_Russia,_free_skating_(10).jpg",russia
.\dataset\russia\200px-2011_-_Dancing_on_Ice_(Manchester_Evening_News_Arena)_Matt_Evers_&_Nina_Ulanova_(5678187218)_(cropped).jpg,russia
.\dataset\russia\200px-2011_Grand_Prix_Final_Juniors_Alexandra_Stepanova_Ivan_Bukin.jpg,russia
.\dataset\russia\200px-2011_Grand_Prix_Final_Juniors_Tatiana_Tudvaseva_Sergei_Lisiev_2.jpg,russia
.\dataset\russia\200px-2011_Rostelecom_Cup_-_Vodorezova.jpg,russia
.\dataset\russia\200px-2011_WFSC_5d_358_Sergei_Ponomarenko.JPG,russia
.\dataset\russia\200px-2012-12_Final_Grand_Prix_1d_322_Valeria_Zenkova_Valerie_Sinitsin_(cropped)_-_Sinitsin.JPG,russia
.\dataset\russia\200px-2012-12_Final_Grand_Prix_2d_082_Maxim_Kovtun.JPG,russia
.\dataset\russia\200px-2012_European_FSC_Evgeni_Plushenko.jpg,russia
.\dataset\russia\200px-2012_European_FSC_Ksenia_Stolbova_crop.jpg,russia
.\dataset\russia\200px-2012_WFSC_04d_422_Anna_Nagornyuk_Viktor_Kovalenko_(cropped)_-_Nagornyuk.JPG,russia
.\dataset\russia\200px-2013_IPC_Athletics_World_Championships_-_26072013_-_Margarita_Goncharova_of_Russia_during_the_Women's_Long_jump_-_T37-38.jpg,russia
.\dataset\russia\200px-2013_Nebelhorn_Trophy_Angelina_Telegina_Otar_Japaridze_IMG_8017_(cropped)_-_Telegina.JPG,russia
".\dataset\russia\200px-2013_UCI_Road_World_Championships,_Anastasiia_IAKOVENKO.JPG",russia
.\dataset\russia\200px-2013_WSDC_Sochi_-_Denis_Yuskov_3.JPG,russia
.\dataset\russia\200px-20140202_Hinzenbach_Sofya_Tikhonova_2078.jpg,russia
.\dataset\russia\200px-20140202_Hinzenbach_Stefaniya_Nadymova_1909.jpg,russia
.\dataset\russia\200px-2014_Acrobatic_Gymnastics_World_Championships_-_Women's_group_-_Finals_-_Russia_03.jpg,russia
.\dataset\russia\200px-2014_Acrobatic_Gymnastics_World_Championships_-_Women's_group_-_Qualifications_-_Russia_2_09.jpg,russia
.\dataset\russia\200px-2014_DécaNation_-_100_m_12.jpg,russia
.\dataset\russia\200px-2014_DécaNation_-_1500_m_16.jpg,russia
.\dataset\russia\200px-2014_Grand_Prix_of_Figure_Skating_Final_Anna_Pogorilaya_IMG_2454.JPG,russia
.\dataset\russia\200px-2014_Grand_Prix_of_Figure_Skating_Final_Elena_Ilinykh_Ruslan_Zhiganshin_IMG_3097.JPG,russia
.\dataset\russia\200px-2014_ISU_Junior_Grand_Prix_Final_Irina_Zhuk_IMG_1648.JPG,russia
.\dataset\russia\200px-2014_ISU_Junior_Grand_Prix_Final_Maria_Vigalova_Egor_Zakroev_IMG_3022.JPG,russia
.\dataset\russia\200px-2014_ISU_Junior_Grand_Prix_Final_Serafima_Sakhanovich_IMG_1597.JPG,russia
.\dataset\russia\200px-2014_World_Junior_Figure_Skating_Championships_Adian_Pitkeev_jsw_dwc19894.jpg,russia
.\dataset\russia\200px-2015_European_Artistic_Gymnastics_Championships_-_Floor_-_Medalists_12.jpg,russia
.\dataset\russia\200px-2015_Grand_Prix_of_Figure_Skating_Final_Alisa_Fedichkina_IMG_7099.JPG,russia
.\dataset\russia\200px-2015_ISU_Junior_Grand_Prix_Final_Dmitri_Aliev_IMG_7711.JPG,russia
.\dataset\russia\200px-2015_UEC_Track_Elite_European_Championships_150.JPG,russia
.\dataset\russia\200px-2015_UEC_Track_Elite_European_Championships_151.JPG,russia
.\dataset\russia\200px-2016-02-06._Донецк_050.jpg,russia
.\dataset\russia\200px-2016_2017_UCI_Track_World_Cup_Apeldoorn_125.jpg,russia
.\dataset\russia\200px-2016_Grand_Prix_of_Figure_Skating_Final_Anastasia_Mishina_Vladislav_Mirzoev_IMG_3067_(cropped)_-_Anastasia_Mishina.jpg,russia
.\dataset\russia\200px-2016_Grand_Prix_of_Figure_Skating_Final_Anastasia_Shpilevaya_Grigory_Smirnov_IMG_2855.jpg,russia
.\dataset\russia\200px-2016_Grand_Prix_of_Figure_Skating_Final_Anastasia_Shpilevaya_Grigory_Smirnov_IMG_3294.jpg,russia
.\dataset\russia\200px-2016_Grand_Prix_of_Figure_Skating_Final_Anastasiia_Gubanova_IMG_3433.jpg,russia
.\dataset\russia\200px-2016_Grand_Prix_of_Figure_Skating_Final_Ilia_Skirda_IMG_3658.jpg,russia
.\dataset\russia\200px-2016_Rostelecom_Cup_Alisa_Efimova_Alexander_Korovin_IMG_2589_(cropped)_-_Alexander_Korovin.jpg,russia
.\dataset\russia\200px-2016_Rostelecom_Cup_Sofia_Evdokimova_Egor_Bazin_IMG_1420.jpg,russia
.\dataset\russia\200px-2016_Rostelecom_Cup_Sofia_Evdokimova_Egor_Bazin_IMG_2192.jpg,russia
.\dataset\russia\200px-2017-02-03_Vladislav_Yuzhakov_by_Sandro_Halank.jpg,russia
.\dataset\russia\200px-2017-2018_ISU_Junior_Grand_Prix_Final_Alexandra_Trusova_jsfb_dave6085.jpg,russia
.\dataset\russia\200px-2017-2018_ISU_Junior_Grand_Prix_Final_Anastasia_Tarakanova_jsfb_dave8897.jpg,russia
.\dataset\russia\200px-2017-2018_ISU_Junior_Grand_Prix_Final_Sofia_Polishchuk_Alexander_Vakhnov_jsfb_dave7564.jpg,russia
.\dataset\russia\200px-20170930_AUT-RUS_Anna_Punko_850_0281.jpg,russia
.\dataset\russia\200px-20170930_AUT-RUS_Yaroslava_Frolova_850_0289.jpg,russia
.\dataset\russia\200px-2018-01-04_IBU_Biathlon_World_Cup_Oberhof_2018_-_Sprint_Women_6.jpg,russia
.\dataset\russia\200px-2018-01-13_FIS-Skiweltcup_Dresden_2018_(Prolog_Männer)_by_Sandro_Halank–068.jpg,russia
.\dataset\russia\200px-2018-05-20_Vladimir_Tuganov_auf_Qualidam-9068.jpg,russia
.\dataset\russia\200px-20180128_FIS_NC_WC_Seefeld_Anna_Alexandrowna_Netschajewskaja_850_3057.jpg,russia
.\dataset\russia\200px-2018_2019_UCI_Track_World_Cup_Berlin_46.jpg,russia
.\dataset\russia\200px-2018_A_V_Yakovlev.jpg,russia
.\dataset\russia\200px-2018_EC_Mikhail_Kolyada_2018-01-17_16-53-48.jpg,russia
.\dataset\russia\200px-2018_Grand_Prix_of_Helsinki_Andrei_Lazukin_2018-11-03_14-12-17_(2).jpg,russia
.\dataset\russia\200px-2018_Кинотаврик_08_(cropped).jpg,russia
.\dataset\russia\200px-2019_Russian_Figure_Skating_Championships_Anna_Shcherbakova_2018-12-22_20-36-33_(2)_(cropped)_-Daniil_Gleichengauz.jpg,russia
.\dataset\russia\200px-2019_Russian_Figure_Skating_Championships_Anna_Tarusina_2018-12-21_15-07-22_(3).jpg,russia
.\dataset\russia\200px-2019_Russian_Figure_Skating_Championships_Kseniia_Akhanteva_Valerii_Kolesov_2018-12-22_15-58-48_(cropped)_-_Valerii_Kolesov.jpg,russia
.\dataset\russia\200px-21_EKATERINA_EFIMOVA.jpg,russia
.\dataset\russia\200px-32nd_G8_Summit-1.jpg,russia
.\dataset\russia\200px-7_Aleksandr_Gagloyev.jpg,russia
.\dataset\russia\200px-8_Pavel_Karasyov.jpg,russia
.\dataset\russia\200px-9081_sidorova_over_4m65_(15008972152).jpg,russia
.\dataset\russia\200px-A.A.Karatsuba.jpg,russia
.\dataset\russia\200px-A._Streltsov.jpg,russia
.\dataset\russia\200px-Aaralyn_Barra.jpg,russia
.\dataset\russia\200px-AArkhipov.JPG,russia
.\dataset\russia\200px-Abdrashitov_VYu.jpg,russia
.\dataset\russia\200px-Adams_Bulls_Eye_-_Ilja_Rosliakov.jpg,russia
.\dataset\russia\200px-Adessoye_Oyewole.jpg,russia
.\dataset\russia\200px-Adidas_Dublin_Marathon_2007_-_Nina_Podnebesnova_(Russia).jpg,russia
.\dataset\russia\200px-AdlanKatsayev.jpg,russia
.\dataset\russia\200px-Adrianov_in_the_Oceanarium_on_the_Russky_island_(2015-09-04).jpg,russia
.\dataset\russia\200px-AgapovIV.jpg,russia
.\dataset\russia\200px-AGER0467.jpg,russia
.\dataset\russia\200px-Aisaikin.jpg,russia
.\dataset\russia\200px-Aksenov_Sergey_А.jpg,russia
.\dataset\russia\200px-Akulov.jpg,russia
".\dataset\russia\200px-Albert_Yarullin,_2013.jpg",russia
.\dataset\russia\200px-Albina_Akhatova_Ostersund_2008.jpg,russia
.\dataset\russia\200px-Aleksandar_Cepurin-mc.rs.jpg,russia
.\dataset\russia\200px-Aleksandra_Pasynkova_1.jpg,russia
.\dataset\russia\200px-AleksandrBelenov.jpg,russia
.\dataset\russia\200px-AleksandrDutov&Yuri_Rodenkov.JPG,russia
.\dataset\russia\200px-AleksandrNPetrov.jpg,russia
.\dataset\russia\200px-AleksandrPodymov.JPG,russia
.\dataset\russia\200px-Aleksandr_Alkhazov_2011.jpg,russia
.\dataset\russia\200px-Aleksandr_Alumona_2012.jpg,russia
.\dataset\russia\200px-Aleksandr_Belenky.jpg,russia
.\dataset\russia\200px-Aleksandr_Burakov.JPG,russia
.\dataset\russia\200px-Aleksandr_Cherevko.jpg,russia
.\dataset\russia\200px-Aleksandr_Dvornikov_(2016).jpg,russia
.\dataset\russia\200px-Aleksandr_Filtsov_2011.jpg,russia
.\dataset\russia\200px-Aleksandr_Ivanov_in_the_third_place_of_2016_Fajr_Cup_in_the_men's_94_kg_category.jpg,russia
.\dataset\russia\200px-Aleksandr_Kharitonov_2012.jpg,russia
.\dataset\russia\200px-Aleksandr_Korchagin_2011-03-19.JPG,russia
.\dataset\russia\200px-Aleksandr_Kukanos_2008.JPG,russia
.\dataset\russia\200px-Aleksandr_Maltsev.jpg,russia
".\dataset\russia\200px-Aleksandr_Popov,_HC_Avangard,_2011.jpg",russia
.\dataset\russia\200px-Aleksandr_Porfiryevich_Torshin.jpg,russia
.\dataset\russia\200px-Aleksandr_Prudnikov.jpg,russia
.\dataset\russia\200px-Aleksandr_Putsko_2016.jpg,russia
.\dataset\russia\200px-Aleksandr_Salugin_2012.jpg,russia
.\dataset\russia\200px-Aleksandr_Sergeyevich_Fyodorov_(water_polo)_01.jpg,russia
.\dataset\russia\200px-Aleksandr_Sheshukov_2012.jpg,russia
.\dataset\russia\200px-Aleksandr_Shokhin.jpg,russia
.\dataset\russia\200px-Aleksandr_Shulenin_2011.jpg,russia
.\dataset\russia\200px-Aleksandr_Sytin.jpg,russia
.\dataset\russia\200px-Aleksandr_Titov.jpg,russia
.\dataset\russia\200px-Aleksandr_Vasjutin.jpg,russia
.\dataset\russia\200px-Aleksandr_Vassiliev_-_1.jpg,russia
.\dataset\russia\200px-Aleksandr_Yerkin_2011.jpg,russia
".\dataset\russia\200px-Aleksashenko,_Sergey.JPG",russia
.\dataset\russia\200px-AlekseiGerasimenko.JPG,russia
.\dataset\russia\200px-Aleksei_Druzin_2017.jpg,russia
.\dataset\russia\200px-Aleksei_Ionov_Dynamo_2013.jpg,russia
.\dataset\russia\200px-Aleksei_Isayev_2016.jpg,russia
.\dataset\russia\200px-Aleksei_Kangaskolkka.jpg,russia
.\dataset\russia\200px-Aleksei_Kozlov_2012.jpg,russia
.\dataset\russia\200px-Aleksei_Kurzenyov_2017.jpg,russia
.\dataset\russia\200px-Aleksei_Solosin.jpg,russia
.\dataset\russia\200px-Aleksei_Zhitnikov_2012.jpg,russia
.\dataset\russia\200px-Aleksej_Aleksandrovic_Ostapenko_(Legavolley_2014).jpg,russia
.\dataset\russia\200px-Aleksej_Znаmenskij.JPG,russia
.\dataset\russia\200px-Aleksey_Burago.JPG,russia
.\dataset\russia\200px-Aleksey_Dmitrov_2012.png,russia
.\dataset\russia\200px-Aleksey_Kazakov.jpg,russia
.\dataset\russia\200px-Aleksey_Kuleshov.jpg,russia
.\dataset\russia\200px-Aleksey_Negodaylo_24_February_2014.jpg,russia
.\dataset\russia\200px-Aleksey_Ostapenko_2014_CEV_final_t205409.jpg,russia
.\dataset\russia\200px-Aleksey_Petrov_(weightlifter).jpg,russia
.\dataset\russia\200px-Aleksey_Vladimirovich_Etmanov_(2_September_2018).jpg,russia
.\dataset\russia\200px-Aleksiej_Romaszow_Val_di_Fiemme_2013_(normal_hill_individual).jpg,russia
.\dataset\russia\200px-Alevtina_Aparina_01.jpg,russia
.\dataset\russia\200px-AlexanderFadejew.jpg,russia
.\dataset\russia\200px-AlexanderGalkin.jpg,russia
.\dataset\russia\200px-AlexanderPetrov1958.jpg,russia
.\dataset\russia\200px-Alexander_Blokhin_(2017-10-02).jpg,russia
.\dataset\russia\200px-Alexander_Bondarev.jpg,russia
.\dataset\russia\200px-Alexander_Brechalov_(2016-01-14).jpg,russia
.\dataset\russia\200px-Alexander_Burmistrov_(Александр_Бурмистров)_(26082335080).jpg,russia
.\dataset\russia\200px-Alexander_Drozdenko.jpg,russia
.\dataset\russia\200px-Alexander_Fomichev_2011-10-27.JPG,russia
.\dataset\russia\200px-Alexander_G._Yarashuk_(2015-11-06).jpg,russia
.\dataset\russia\200px-Alexander_Getmanski.jpg,russia
.\dataset\russia\200px-Alexander_Gurov.jpg,russia
.\dataset\russia\200px-Alexander_Karasyov_2009.jpg,russia
.\dataset\russia\200px-Alexander_Kasjanov.jpg,russia
.\dataset\russia\200px-Alexander_Kazakov.jpg,russia
.\dataset\russia\200px-Alexander_Khoroshilov_4.jpg,russia
.\dataset\russia\200px-Alexander_Knaifel_Sortavala1982©Meladina.jpg,russia
.\dataset\russia\200px-Alexander_Korzhakov_2017.jpg,russia
.\dataset\russia\200px-Alexander_Krysanov_2012-01-31_4.JPG,russia
.\dataset\russia\200px-Alexander_Lazushin_2012-11-21.jpeg,russia
.\dataset\russia\200px-Alexander_Marshal_(2015-10-24)-1.jpg,russia
".\dataset\russia\200px-Alexander_Mikhailov,_November_2010.jpeg",russia
.\dataset\russia\200px-Alexander_Morozevic.jpg,russia
.\dataset\russia\200px-Alexander_Osipov_181011.jpeg,russia
.\dataset\russia\200px-Alexander_Osminin.jpg,russia
.\dataset\russia\200px-Alexander_Popov_2008.jpg,russia
.\dataset\russia\200px-Alexander_Shvetsov.JPG,russia
.\dataset\russia\200px-Alexander_Skorobogatko.jpg,russia
.\dataset\russia\200px-Alexander_Skvortsov_cropped.jpg,russia
.\dataset\russia\200px-Alexander_Tikhonov.jpg,russia
.\dataset\russia\200px-Alexander_V._Riazantsev_2012-01-28_Amur—Traktor_KHL-game.jpeg,russia
.\dataset\russia\200px-Alexander_Valeryevich_Dyukov.JPG,russia
.\dataset\russia\200px-Alexander_Vasin_91.jpg,russia
.\dataset\russia\200px-Alexander_Vengerovsky.jpg,russia
.\dataset\russia\200px-Alexander_Yushchenko_(2018-06-14).jpg,russia
.\dataset\russia\200px-Alexander_Zhukov_2018-07-12.jpg,russia
.\dataset\russia\200px-Alexandra_Goryachkina_2011.jpg,russia
.\dataset\russia\200px-Alexandra_Ievleva_RUS_FP_NH2008.jpg,russia
.\dataset\russia\200px-Alexandra_Kutas_at_runway_show_VIY_2017_Maloka.jpg,russia
.\dataset\russia\200px-Alexandra_Levitskaya.jpg,russia
.\dataset\russia\200px-Alexandra_Razarenova_LaBaule2011a.jpg,russia
.\dataset\russia\200px-Alexandra_Rodionova_2012.jpg,russia
.\dataset\russia\200px-Alexandr_Berdnikov.jpeg,russia
.\dataset\russia\200px-Alexandr_Erokhin.jpg,russia
.\dataset\russia\200px-Alexandr_Kolobaev.jpg,russia
.\dataset\russia\200px-Alexandr_Matyukhin.jpg,russia
.\dataset\russia\200px-Alexei_Emelin_-_Montreal_Canadiens_2015.jpg,russia
.\dataset\russia\200px-Alexei_Grishin_2012-11-30.jpg,russia
.\dataset\russia\200px-Alexei_Kasatonov_2009.jpg,russia
.\dataset\russia\200px-Alex_Bobl_6_September_2014.JPG,russia
.\dataset\russia\200px-Alex_Sparrow_04-11_RN_MOW.jpg,russia
.\dataset\russia\200px-ANASTASIA_PIVOVAROVA_(6706122695).jpg,russia
.\dataset\russia\200px-ANikitin.JPG,russia
.\dataset\russia\200px-ASKUZOVKOV.jpg,russia
.\dataset\russia\200px-AS_Prokopiev.jpg,russia
.\dataset\russia\200px-AY1dCgUlJ_g.jpg,russia
".\dataset\turkey\200px-0095R-CDU,_Ismail_Tipi.jpg",turkey
.\dataset\turkey\200px-00_China_ND_IMG_0716.jpg,turkey
.\dataset\turkey\200px-030selçuk_soğukçay_ve_hülya_arslan_soğukçay.JPG,turkey
.\dataset\turkey\200px-06_Abdullah_Çam.jpg,turkey
.\dataset\turkey\200px-09995_Emel_Dereli.JPG,turkey
.\dataset\turkey\200px-10.16.11YıldırayÇınarByLuigiNovi1.jpg,turkey
.\dataset\turkey\200px-10459_Burcu_Yüksel.JPG,turkey
.\dataset\turkey\200px-11_-_Ibrahim_Emet_4_October_2017_(cropped).jpg,turkey
.\dataset\turkey\200px-160_6011.jpg,turkey
.\dataset\turkey\200px-2007-03-01_tuncay001.jpg,turkey
.\dataset\turkey\200px-2008_Ümit_Korkmaz.JPG,turkey
.\dataset\turkey\200px-2010_Opening_Ceremony_-_Turkey_entering_cropped.jpg,turkey
.\dataset\turkey\200px-2011-06-09_Patrick_Langat.jpg,turkey
.\dataset\turkey\200px-2012_World_Junior_FS_Çağla_Demirsal_Berk_Akalın.jpg,turkey
.\dataset\turkey\200px-20130908_Volleyball_EM_2013_Spiel_Dt-Türkei_by_Olaf_KosinskyDSC_0032.JPG,turkey
.\dataset\turkey\200px-20130908_Volleyball_EM_2013_Spiel_Dt-Türkei_by_Olaf_KosinskyDSC_0033.JPG,turkey
.\dataset\turkey\200px-2013_3-cushion_World_Championship-Day_4-Last_16-Part_2-04.jpg,turkey
.\dataset\turkey\200px-2014-05-10_Akif_Pirinçci_IMG_1437.jpg,turkey
.\dataset\turkey\200px-20141206_1743_TURAUT_6461.jpg,turkey
.\dataset\turkey\200px-20141206_1821_TURAUT_6599.jpg,turkey
.\dataset\turkey\200px-20141206_1821_TURAUT_6600.jpg,turkey
.\dataset\turkey\200px-20141206_1821_TURAUT_6605.jpg,turkey
.\dataset\turkey\200px-20141206_1821_TURAUT_6608.jpg,turkey
.\dataset\turkey\200px-20141206_1821_TURAUT_6611.jpg,turkey
.\dataset\turkey\200px-20141206_1822_TURAUT_6618.jpg,turkey
.\dataset\turkey\200px-20141206_1822_TURAUT_6619.jpg,turkey
.\dataset\turkey\200px-20141206_1919_TURAUT_6840.jpg,turkey
.\dataset\turkey\200px-20150703-TFF-Rudolstadt-Rojda-Senses-5957.jpg,turkey
".\dataset\turkey\200px-2016_Summer_Olympics,_Men's_Freestyle_Wrestling_125_kg_final_17.jpg",turkey
.\dataset\turkey\200px-2017-09-30_COC_Klingenthal_Muhammed_Ali_Bedir.jpg,turkey
".\dataset\turkey\200px-2017_European_Athletics_U23_Championships,_10000m_women_final12_14-07-2017.jpg",turkey
.\dataset\turkey\200px-2018-08-19_BFC_Dynamo_vs._1._FC_Köln_(DFB-Pokal)_by_Sandro_Halank–155.jpg,turkey
.\dataset\turkey\200px-2_-_Caner_Peksen_4_October_2017_(2).jpg,turkey
.\dataset\turkey\200px-3-Cushion_World_Cup_2018-1-Gülşen_Degener_(TUR)-1.jpg,turkey
.\dataset\turkey\200px-35_Doğan_Altınkaya_@_Korfez_FK_-_İskenderun_DC_15_September_2013.JPG,turkey
.\dataset\turkey\200px-70_Doğan_Karakuş_13_October_2012_Kocaelispor_-_Gumushanespor.jpg,turkey
.\dataset\turkey\200px-847C2697(1).JPG_cropped_(Sema_Ramazanoglu).png,turkey
.\dataset\turkey\200px-9_-_Ozkan_Hayirli_4_October_2017_(2).jpg,turkey
.\dataset\turkey\200px-9_-_Resul_Tekeli_4_October_2017.jpg,turkey
.\dataset\turkey\200px-Abdi_İpekçi_Anıtı_(2).JPG,turkey
.\dataset\turkey\200px-Abdulhamit_Gül_(cropped).jpg,turkey
.\dataset\turkey\200px-Abdullah_Atalar_-_Bilkent_-_1.4.13.jpg,turkey
.\dataset\turkey\200px-Abdullah_Avcı.jpg,turkey
.\dataset\turkey\200px-Abdullah_Gül_2011-06-07.jpg,turkey
.\dataset\turkey\200px-Abdullah_Halman.JPG,turkey
.\dataset\turkey\200px-Abdullah_Karmil.JPG,turkey
.\dataset\turkey\200px-Abdullah_Öcalan.png,turkey
.\dataset\turkey\200px-Abdullatif_Sener-edited.jpg,turkey
.\dataset\turkey\200px-Abdülkerim_Bardakçı_(cropped).jpg,turkey
.\dataset\turkey\200px-Adem_büyük'14.JPG,turkey
.\dataset\turkey\200px-Adem_Guven.jpg,turkey
.\dataset\turkey\200px-Adem_Karaduman_2011.jpg,turkey
.\dataset\turkey\200px-Adem_Çalık_24_September_2017_(cropped).jpg,turkey
".\dataset\turkey\200px-Adile_Naşit_Parkı,_Çankaya.jpg",turkey
.\dataset\turkey\200px-Adnan_oktar_03.jpg,turkey
.\dataset\turkey\200px-Agop_Kotoğyan_Yüksek_İnsani_Değerler_Ödülleri_(cropped).jpg,turkey
.\dataset\turkey\200px-Ahmet-Abakay1.jpg,turkey
.\dataset\turkey\200px-Ahmet-Zirek.jpg,turkey
.\dataset\turkey\200px-AhmetArslan.jpg,turkey
.\dataset\turkey\200px-Ahmetkenantanrikulu.png,turkey
.\dataset\turkey\200px-AhmetRizaKorkut.jpg,turkey
.\dataset\turkey\200px-Ahmet_Aras.JPG,turkey
.\dataset\turkey\200px-Ahmet_Aydın.png,turkey
.\dataset\turkey\200px-Ahmet_BİLEK.jpg,turkey
.\dataset\turkey\200px-Ahmet_Can_Duran_Fenerbahçe_Basketball_Media_Day_20180925_(1).jpg,turkey
.\dataset\turkey\200px-Ahmet_Davutoglu_portrait.JPG,turkey
.\dataset\turkey\200px-Ahmet_Düverioğlu_Fenerbahçe_Basketball_Media_Day_20180925_(1).jpg,turkey
".\dataset\turkey\200px-Ahmet_Güneştekin,_Malborough_Gallery,_New_York_(cropped).JPG",turkey
.\dataset\turkey\200px-Ahmet_Haldun_Terzioğlu.jpg,turkey
.\dataset\turkey\200px-Ahmet_ilhan_özek.jpg,turkey
.\dataset\turkey\200px-Ahmet_Insel_02334.jpg,turkey
.\dataset\turkey\200px-Ahmet_Kaya.jpg,turkey
.\dataset\turkey\200px-Ahmet_M._Oren_at_the_World_Economic_Forum_on_Europe_2011.jpg,turkey
.\dataset\turkey\200px-Ahmet_Telli_2013.jpg,turkey
.\dataset\turkey\200px-Ahmet_Türk.jpg,turkey
.\dataset\turkey\200px-Ahmet_Çalık.jpg,turkey
.\dataset\turkey\200px-Ahmet_Özal_in_Süleyman_Demirel_Funeral_(cropped).jpg,turkey
.\dataset\turkey\200px-Ahmet_Özhan_Konya2009.JPG,turkey
.\dataset\turkey\200px-Ahmet_Ümit_2011.jpg,turkey
.\dataset\turkey\200px-Ahmet_Üzümcü_at_Chatham_House_-_2018_(28131932497)_(cropped).jpg,turkey
.\dataset\turkey\200px-Ahmet_şimşirgil.jpg,turkey
.\dataset\turkey\200px-Ahu_Türkpençe_(1).jpg,turkey
.\dataset\turkey\200px-Aiche_nana_1958_rugantino_spogliarello.jpg,turkey
.\dataset\turkey\200px-Air_Commodore_Kaiser_Tufail_receiving_a_memento_from_Commander_of_the_Turkish_Air_Force_General_Akin_Ozturk_(cropped).jpg,turkey
.\dataset\turkey\200px-Ajda_Pekkan_01.jpg,turkey
.\dataset\turkey\200px-Akif_Hamzaçebi.jpg,turkey
".\dataset\turkey\200px-AkifÇağatayKılıç,_Minister_of_Youth_and_Sports_(May_2014).JPG",turkey
.\dataset\turkey\200px-Albayrak_Dutch_politician_kabinet_Balkenende_IV.jpg,turkey
.\dataset\turkey\200px-Albert_Beger_promo.jpg,turkey
.\dataset\turkey\200px-Albumden.jpg,turkey
.\dataset\turkey\200px-Aleyna_Tilki.jpg,turkey
.\dataset\turkey\200px-Aliatay.png,turkey
.\dataset\turkey\200px-Aliosmanulusoy.jpg,turkey
.\dataset\turkey\200px-Alirizababaoglan.jpg,turkey
.\dataset\turkey\200px-Ali_Bardakoğlu_2009.jpg,turkey
.\dataset\turkey\200px-Ali_Cağaloğlu.jpg,turkey
.\dataset\turkey\200px-Ali_dere.JPG,turkey
.\dataset\turkey\200px-Ali_dürüst.JPG,turkey
.\dataset\turkey\200px-Ali_Erdoğan_Judo_at_the_2017_Islamic_Solidarity_Games_4_(cropped).jpg,turkey
.\dataset\turkey\200px-Ali_Fırat_Okur.JPG,turkey
.\dataset\turkey\200px-Ali_Haydar_Hakverdi_(cropped).jpg,turkey
.\dataset\turkey\200px-Ali_Mehmet_Celâl_Şengör.jpg,turkey
.\dataset\turkey\200px-Ali_Tufan_Kıraç.jpg,turkey
.\dataset\turkey\200px-Ali_İhsan_Varol_1.jpg,turkey
.\dataset\turkey\200px-Ali_Şen.jpg,turkey
.\dataset\turkey\200px-Alperen_Uysal.JPG,turkey
.\dataset\turkey\200px-Alper_Uçar_EFSC_2006.jpg,turkey
.\dataset\turkey\200px-Alp_Yalman_20181031.jpg,turkey
.\dataset\turkey\200px-Altan_Erkekli.jpg,turkey
.\dataset\turkey\200px-Andaç_Güleryüz.jpg,turkey
.\dataset\turkey\200px-Arifdamar.jpg,turkey
.\dataset\turkey\200px-Arif_Pecenek_Wiki.JPG,turkey
.\dataset\turkey\200px-Arslan_Ekşi_(Fenerbahce_Stambul_03-10-2010).jpg,turkey
.\dataset\turkey\200px-Artun_Akçakın.jpg,turkey
.\dataset\turkey\200px-Arzuhan_Doğan_Yalçındağ_(8696596648).jpg,turkey
".\dataset\turkey\200px-Asad_Shabbir,_Pakistani_teen_author.jpg",turkey
.\dataset\turkey\200px-Asilva_by_ArmAg.jpg,turkey
.\dataset\turkey\200px-Asiye_Dinçsoy.jpg,turkey
.\dataset\turkey\200px-Asiye_Ozlem_Sahin.JPG,turkey
.\dataset\turkey\200px-Aslı_Altaylar_(October_2014).jpg,turkey
.\dataset\turkey\200px-Aslı_Köprülü.JPG,turkey
.\dataset\turkey\200px-Asuman_Baytop.jpg,turkey
.\dataset\turkey\200px-Asım_Can_Gündüz_-_Bilkent_-_21.4.16.jpg,turkey
.\dataset\turkey\200px-AT8.jpg,turkey
.\dataset\turkey\200px-Atalay_Demirci.jpg,turkey
.\dataset\turkey\200px-Ataol_Behramoğlu.jpg,turkey
.\dataset\turkey\200px-Ata_Demirer_01.jpg,turkey
.\dataset\turkey\200px-Atilla_Kart.jpg,turkey
.\dataset\turkey\200px-Atilla_Koca.JPG,turkey
.\dataset\turkey\200px-Atınc_nukan.jpg,turkey
.\dataset\turkey\200px-Austria_U21_vs._Turkey_U21_20131114_(085).jpg,turkey
.\dataset\turkey\200px-Austria_U21_vs._Turkey_U21_20131114_(088).jpg,turkey
.\dataset\turkey\200px-Austria_U21_vs._Turkey_U21_20131114_(091).jpg,turkey
.\dataset\turkey\200px-Austria_U21_vs._Turkey_U21_20131114_(095).jpg,turkey
.\dataset\turkey\200px-Austria_U21_vs._Turkey_U21_20131114_(096).jpg,turkey
.\dataset\turkey\200px-Austria_U21_vs._Turkey_U21_20131114_(097).jpg,turkey
.\dataset\turkey\200px-Austria_U21_vs._Turkey_U21_20131114_(099).jpg,turkey
.\dataset\turkey\200px-AUT_vs._TUR_2016-03-29_(214).jpg,turkey
.\dataset\turkey\200px-AUT_vs._TUR_2016-03-29_(299).jpg,turkey
.\dataset\turkey\200px-AUT_vs._TUR_2016-03-29_(307).jpg,turkey
.\dataset\turkey\200px-AUT_vs._TUR_2016-03-29_(316).jpg,turkey
.\dataset\turkey\200px-AUT_vs._TUR_2016-03-29_(328).jpg,turkey
.\dataset\turkey\200px-AUT_vs._TUR_2016-03-29_(355).jpg,turkey
.\dataset\turkey\200px-AUT_vs._TUR_2016-03-29_(368).jpg,turkey
.\dataset\turkey\200px-AUT_vs._TUR_2016-03-29_(375).jpg,turkey
.\dataset\turkey\200px-AUT_vs._TUR_2016-03-29_(379).jpg,turkey
.\dataset\turkey\200px-Avram_Barokas.jpg,turkey
.\dataset\turkey\200px-Aycicek.JPG,turkey
.\dataset\turkey\200px-Aydın_Boysan.jpg,turkey
.\dataset\turkey\200px-Aydın_Karabulut_Elazig.JPG,turkey
.\dataset\turkey\200px-Ayfer_Tunç_7308.jpg,turkey
.\dataset\turkey\200px-Ayhan_Tumani_-_SK_Sturm_Graz_(04).jpg,turkey
.\dataset\turkey\200px-Aykut_Erdoğdu.jpg,turkey
.\dataset\turkey\200px-Aykut_Öztürk.JPG,turkey
.\dataset\turkey\200px-Ayla_Algan.JPG,turkey
.\dataset\turkey\200px-Ayla_Erduran.jpg,turkey
.\dataset\turkey\200px-AylinYaren.JPG,turkey
.\dataset\turkey\200px-Aylin_Nazlıaka.jpg,turkey
.\dataset\turkey\200px-Aynur_Aydın_2011_(1)_-_cropped.png,turkey
.\dataset\turkey\200px-Aysekulin.jpg,turkey
.\dataset\turkey\200px-Ayse_kokcu.jpg,turkey
.\dataset\turkey\200px-Ayten_Uğuralp_2000.jpg,turkey
.\dataset\turkey\200px-Ayşen_Gruda_2017.jpg,turkey
".\dataset\turkey\200px-Ayşe_Hatun,_Can_Bonomo,_Demir_Demirkan_-_12._Radyo_Boğaziçi_Ödülleri_(cropped).jpg",turkey
.\dataset\turkey\200px-Ayşe_Melis_Gürkaynak_2016_(cropped).jpg,turkey
.\dataset\turkey\200px-Ayşe_Nur_Bahçekapılı.jpg,turkey
.\dataset\turkey\200px-Aziz_Kocaoglu_edited.jpg,turkey
.\dataset\turkey\200px-Aziz_Yildirim2.jpg,turkey
.\dataset\turkey\200px-Azra_Akın_(2004).jpg,turkey
.\dataset\turkey\200px-Bahadır_Karasu.jpg,turkey
.\dataset\turkey\200px-BaharGüvenç.JPG,turkey
.\dataset\turkey\200px-BaharKol_(2).JPG,turkey
.\dataset\turkey\200px-Bahar_Dogan_(Turkey)_-_London_2012_Women's_Marathon.jpg,turkey
.\dataset\turkey\200px-Bahar_Toksoy_(cropped).jpg,turkey
.\dataset\turkey\200px-Bahattin_Köse.jpg,turkey
.\dataset\turkey\200px-BahriAltintabak.jpg,turkey
.\dataset\turkey\200px-BahtiyarTopal.JPG,turkey
.\dataset\turkey\200px-Baker's_Apprentice_(self_portrait).jpg,turkey
.\dataset\turkey\200px-Banu_Avar_panel_001.jpg,turkey
.\dataset\turkey\200px-Barum_Rally_Zlín_2.JPG,turkey
.\dataset\turkey\200px-BarışYarkadaş.png,turkey
.\dataset\turkey\200px-Barış_akarsu.jpg,turkey
.\dataset\turkey\200px-Barış_Hersek_Fenerbahçe_Basketball_Media_Day_20180925_(1).jpg,turkey
.\dataset\turkey\200px-Barış_Manço_cropped.JPG,turkey
.\dataset\turkey\200px-Barış_Memiş.jpg,turkey
.\dataset\turkey\200px-Barış_Şimşek.JPG,turkey
.\dataset\turkey\200px-Basak_Senova.jpg,turkey
.\dataset\turkey\200px-Basar_Oktar.jpg,turkey
.\dataset\turkey\200px-Baskin_Oran_Paris.jpg,turkey
.\dataset\turkey\200px-Batuhan_Altıntaş.JPG,turkey
.\dataset\turkey\200px-Batuhan_Efemgil_Judo_at_the_2017_Islamic_Solidarity_Games_4_(cropped).jpg,turkey
.\dataset\turkey\200px-Başak_Eraydın_at_the_2011_US_Open.jpg,turkey
.\dataset\turkey\200px-Başakİçinözbebek_(13).JPG,turkey
.\dataset\turkey\200px-Bedri_Baykam_(IMG_0586).jpg,turkey
.\dataset\turkey\200px-Begum_oner_cropped_80s_tv_show_crew.png,turkey
.\dataset\turkey\200px-Begüm_Kütük.jpg,turkey
.\dataset\turkey\200px-Bekirozanhas.jpg,turkey
.\dataset\turkey\200px-Bekir_Karayel.jpg,turkey
.\dataset\turkey\200px-Bekir_Öztürk.JPG,turkey
.\dataset\turkey\200px-Bekir_İrtegün.JPG,turkey
